"Dist Code","Year","State Code","State Name","Dist Name","SORGHUM HARVEST PRICE (Rs per Quintal)"
"95","1966","7","Maharashtra","Bombay","-1.0"
"95","1967","7","Maharashtra","Bombay","-1.0"
"95","1968","7","Maharashtra","Bombay","-1.0"
"95","1969","7","Maharashtra","Bombay","-1.0"
"95","1970","7","Maharashtra","Bombay","-1.0"
"95","1971","7","Maharashtra","Bombay","-1.0"
"95","1972","7","Maharashtra","Bombay","-1.0"
"95","1973","7","Maharashtra","Bombay","-1.0"
"95","1974","7","Maharashtra","Bombay","-1.0"
"95","1975","7","Maharashtra","Bombay","-1.0"
"95","1976","7","Maharashtra","Bombay","-1.0"
"95","1977","7","Maharashtra","Bombay","-1.0"
"95","1978","7","Maharashtra","Bombay","-1.0"
"95","1979","7","Maharashtra","Bombay","-1.0"
"95","1980","7","Maharashtra","Bombay","-1.0"
"95","1981","7","Maharashtra","Bombay","-1.0"
"95","1982","7","Maharashtra","Bombay","-1.0"
"95","1983","7","Maharashtra","Bombay","-1.0"
"95","1984","7","Maharashtra","Bombay","-1.0"
"95","1985","7","Maharashtra","Bombay","-1.0"
"95","1986","7","Maharashtra","Bombay","-1.0"
"95","1987","7","Maharashtra","Bombay","-1.0"
"95","1988","7","Maharashtra","Bombay","-1.0"
"95","1989","7","Maharashtra","Bombay","-1.0"
"96","1966","7","Maharashtra","Thane","-1.0"
"96","1967","7","Maharashtra","Thane","-1.0"
"96","1968","7","Maharashtra","Thane","-1.0"
"96","1969","7","Maharashtra","Thane","-1.0"
"96","1970","7","Maharashtra","Thane","-1.0"
"96","1971","7","Maharashtra","Thane","-1.0"
"96","1972","7","Maharashtra","Thane","-1.0"
"96","1973","7","Maharashtra","Thane","-1.0"
"96","1974","7","Maharashtra","Thane","-1.0"
"96","1975","7","Maharashtra","Thane","-1.0"
"96","1976","7","Maharashtra","Thane","-1.0"
"96","1977","7","Maharashtra","Thane","-1.0"
"96","1978","7","Maharashtra","Thane","-1.0"
"96","1979","7","Maharashtra","Thane","-1.0"
"96","1980","7","Maharashtra","Thane","-1.0"
"96","1981","7","Maharashtra","Thane","-1.0"
"96","1982","7","Maharashtra","Thane","-1.0"
"96","1983","7","Maharashtra","Thane","-1.0"
"96","1984","7","Maharashtra","Thane","-1.0"
"96","1985","7","Maharashtra","Thane","-1.0"
"96","1986","7","Maharashtra","Thane","-1.0"
"96","1987","7","Maharashtra","Thane","-1.0"
"96","1988","7","Maharashtra","Thane","-1.0"
"96","1989","7","Maharashtra","Thane","-1.0"
"96","1990","7","Maharashtra","Thane","-1.0"
"96","1991","7","Maharashtra","Thane","-1.0"
"96","1992","7","Maharashtra","Thane","-1.0"
"96","1993","7","Maharashtra","Thane","-1.0"
"96","1994","7","Maharashtra","Thane","-1.0"
"96","1995","7","Maharashtra","Thane","-1.0"
"96","1996","7","Maharashtra","Thane","-1.0"
"96","1997","7","Maharashtra","Thane","-1.0"
"96","1998","7","Maharashtra","Thane","-1.0"
"96","1999","7","Maharashtra","Thane","-1.0"
"96","2000","7","Maharashtra","Thane","-1.0"
"96","2001","7","Maharashtra","Thane","-1.0"
"96","2002","7","Maharashtra","Thane","-1.0"
"96","2003","7","Maharashtra","Thane","-1.0"
"96","2004","7","Maharashtra","Thane","-1.0"
"96","2005","7","Maharashtra","Thane","-1.0"
"96","2006","7","Maharashtra","Thane","-1.0"
"96","2007","7","Maharashtra","Thane","-1.0"
"96","2008","7","Maharashtra","Thane","-1.0"
"96","2009","7","Maharashtra","Thane","957.0"
"96","2010","7","Maharashtra","Thane","-1.0"
"96","2011","7","Maharashtra","Thane","-1.0"
"96","2012","7","Maharashtra","Thane","-1.0"
"96","2013","7","Maharashtra","Thane","-1.0"
"96","2014","7","Maharashtra","Thane","-1.0"
"96","2015","7","Maharashtra","Thane","-1.0"
"96","2016","7","Maharashtra","Thane","-1.0"
"97","1966","7","Maharashtra","Raigad","74.0"
"97","1967","7","Maharashtra","Raigad","-1.0"
"97","1968","7","Maharashtra","Raigad","71.3"
"97","1969","7","Maharashtra","Raigad","-1.0"
"97","1970","7","Maharashtra","Raigad","100.0"
"97","1971","7","Maharashtra","Raigad","-1.0"
"97","1972","7","Maharashtra","Raigad","-1.0"
"97","1973","7","Maharashtra","Raigad","-1.0"
"97","1974","7","Maharashtra","Raigad","-1.0"
"97","1975","7","Maharashtra","Raigad","-1.0"
"97","1976","7","Maharashtra","Raigad","-1.0"
"97","1977","7","Maharashtra","Raigad","-1.0"
"97","1978","7","Maharashtra","Raigad","-1.0"
"97","1979","7","Maharashtra","Raigad","-1.0"
"97","1980","7","Maharashtra","Raigad","-1.0"
"97","1981","7","Maharashtra","Raigad","-1.0"
"97","1982","7","Maharashtra","Raigad","-1.0"
"97","1983","7","Maharashtra","Raigad","-1.0"
"97","1984","7","Maharashtra","Raigad","-1.0"
"97","1985","7","Maharashtra","Raigad","-1.0"
"97","1986","7","Maharashtra","Raigad","-1.0"
"97","1987","7","Maharashtra","Raigad","-1.0"
"97","1988","7","Maharashtra","Raigad","-1.0"
"97","1989","7","Maharashtra","Raigad","-1.0"
"97","1990","7","Maharashtra","Raigad","-1.0"
"97","1991","7","Maharashtra","Raigad","-1.0"
"97","1992","7","Maharashtra","Raigad","-1.0"
"97","1993","7","Maharashtra","Raigad","-1.0"
"97","1994","7","Maharashtra","Raigad","-1.0"
"97","1995","7","Maharashtra","Raigad","-1.0"
"97","1996","7","Maharashtra","Raigad","-1.0"
"97","1997","7","Maharashtra","Raigad","-1.0"
"97","1998","7","Maharashtra","Raigad","-1.0"
"97","1999","7","Maharashtra","Raigad","-1.0"
"97","2000","7","Maharashtra","Raigad","-1.0"
"97","2001","7","Maharashtra","Raigad","-1.0"
"97","2002","7","Maharashtra","Raigad","-1.0"
"97","2003","7","Maharashtra","Raigad","-1.0"
"97","2004","7","Maharashtra","Raigad","-1.0"
"97","2005","7","Maharashtra","Raigad","-1.0"
"97","2006","7","Maharashtra","Raigad","-1.0"
"97","2007","7","Maharashtra","Raigad","-1.0"
"97","2008","7","Maharashtra","Raigad","-1.0"
"97","2009","7","Maharashtra","Raigad","957.0"
"97","2010","7","Maharashtra","Raigad","-1.0"
"97","2011","7","Maharashtra","Raigad","-1.0"
"97","2012","7","Maharashtra","Raigad","-1.0"
"97","2013","7","Maharashtra","Raigad","-1.0"
"97","2014","7","Maharashtra","Raigad","-1.0"
"97","2015","7","Maharashtra","Raigad","-1.0"
"97","2016","7","Maharashtra","Raigad","-1.0"
"98","1966","7","Maharashtra","Ratnagiri","70.0"
"98","1967","7","Maharashtra","Ratnagiri","70.0"
"98","1968","7","Maharashtra","Ratnagiri","88.0"
"98","1969","7","Maharashtra","Ratnagiri","86.7"
"98","1970","7","Maharashtra","Ratnagiri","105.8"
"98","1971","7","Maharashtra","Ratnagiri","127.5"
"98","1972","7","Maharashtra","Ratnagiri","111.3"
"98","1973","7","Maharashtra","Ratnagiri","161.3"
"98","1974","7","Maharashtra","Ratnagiri","-1.0"
"98","1975","7","Maharashtra","Ratnagiri","162.5"
"98","1976","7","Maharashtra","Ratnagiri","157.0"
"98","1977","7","Maharashtra","Ratnagiri","-1.0"
"98","1978","7","Maharashtra","Ratnagiri","-1.0"
"98","1979","7","Maharashtra","Ratnagiri","-1.0"
"98","1980","7","Maharashtra","Ratnagiri","-1.0"
"98","1981","7","Maharashtra","Ratnagiri","-1.0"
"98","1982","7","Maharashtra","Ratnagiri","-1.0"
"98","1983","7","Maharashtra","Ratnagiri","-1.0"
"98","1984","7","Maharashtra","Ratnagiri","-1.0"
"98","1985","7","Maharashtra","Ratnagiri","-1.0"
"98","1986","7","Maharashtra","Ratnagiri","-1.0"
"98","1987","7","Maharashtra","Ratnagiri","-1.0"
"98","1988","7","Maharashtra","Ratnagiri","-1.0"
"98","1989","7","Maharashtra","Ratnagiri","-1.0"
"98","1990","7","Maharashtra","Ratnagiri","-1.0"
"98","1991","7","Maharashtra","Ratnagiri","-1.0"
"98","1992","7","Maharashtra","Ratnagiri","-1.0"
"98","1993","7","Maharashtra","Ratnagiri","-1.0"
"98","1994","7","Maharashtra","Ratnagiri","-1.0"
"98","1995","7","Maharashtra","Ratnagiri","-1.0"
"98","1996","7","Maharashtra","Ratnagiri","-1.0"
"98","1997","7","Maharashtra","Ratnagiri","-1.0"
"98","1998","7","Maharashtra","Ratnagiri","-1.0"
"98","1999","7","Maharashtra","Ratnagiri","-1.0"
"98","2000","7","Maharashtra","Ratnagiri","-1.0"
"98","2001","7","Maharashtra","Ratnagiri","-1.0"
"98","2002","7","Maharashtra","Ratnagiri","-1.0"
"98","2003","7","Maharashtra","Ratnagiri","-1.0"
"98","2004","7","Maharashtra","Ratnagiri","-1.0"
"98","2005","7","Maharashtra","Ratnagiri","-1.0"
"98","2006","7","Maharashtra","Ratnagiri","-1.0"
"98","2007","7","Maharashtra","Ratnagiri","-1.0"
"98","2008","7","Maharashtra","Ratnagiri","-1.0"
"98","2009","7","Maharashtra","Ratnagiri","957.0"
"98","2010","7","Maharashtra","Ratnagiri","-1.0"
"98","2011","7","Maharashtra","Ratnagiri","-1.0"
"98","2012","7","Maharashtra","Ratnagiri","-1.0"
"98","2013","7","Maharashtra","Ratnagiri","-1.0"
"98","2014","7","Maharashtra","Ratnagiri","-1.0"
"98","2015","7","Maharashtra","Ratnagiri","-1.0"
"98","2016","7","Maharashtra","Ratnagiri","-1.0"
"99","1966","7","Maharashtra","Nasik","67.6"
"99","1967","7","Maharashtra","Nasik","69.2"
"99","1968","7","Maharashtra","Nasik","54.5"
"99","1969","7","Maharashtra","Nasik","65.1"
"99","1970","7","Maharashtra","Nasik","74.6"
"99","1971","7","Maharashtra","Nasik","85.0"
"99","1972","7","Maharashtra","Nasik","135.0"
"99","1973","7","Maharashtra","Nasik","156.4"
"99","1974","7","Maharashtra","Nasik","159.8"
"99","1975","7","Maharashtra","Nasik","111.6"
"99","1976","7","Maharashtra","Nasik","113.0"
"99","1977","7","Maharashtra","Nasik","114.5"
"99","1978","7","Maharashtra","Nasik","111.0"
"99","1979","7","Maharashtra","Nasik","115.5"
"99","1980","7","Maharashtra","Nasik","160.4"
"99","1981","7","Maharashtra","Nasik","163.8"
"99","1982","7","Maharashtra","Nasik","164.6"
"99","1983","7","Maharashtra","Nasik","162.1"
"99","1984","7","Maharashtra","Nasik","158.3"
"99","1985","7","Maharashtra","Nasik","176.3"
"99","1986","7","Maharashtra","Nasik","180.1"
"99","1987","7","Maharashtra","Nasik","174.5"
"99","1988","7","Maharashtra","Nasik","170.2"
"99","1989","7","Maharashtra","Nasik","177.5"
"99","1990","7","Maharashtra","Nasik","239.0"
"99","1991","7","Maharashtra","Nasik","387.0"
"99","1992","7","Maharashtra","Nasik","323.0"
"99","1993","7","Maharashtra","Nasik","361.0"
"99","1994","7","Maharashtra","Nasik","380.0"
"99","1995","7","Maharashtra","Nasik","380.0"
"99","1996","7","Maharashtra","Nasik","421.0"
"99","1997","7","Maharashtra","Nasik","496.0"
"99","1998","7","Maharashtra","Nasik","489.0"
"99","1999","7","Maharashtra","Nasik","521.0"
"99","2000","7","Maharashtra","Nasik","539.0"
"99","2001","7","Maharashtra","Nasik","594.0"
"99","2002","7","Maharashtra","Nasik","550.0"
"99","2003","7","Maharashtra","Nasik","576.0"
"99","2004","7","Maharashtra","Nasik","450.0"
"99","2005","7","Maharashtra","Nasik","552.0"
"99","2006","7","Maharashtra","Nasik","646.0"
"99","2007","7","Maharashtra","Nasik","716.0"
"99","2008","7","Maharashtra","Nasik","803.0"
"99","2009","7","Maharashtra","Nasik","910.0"
"99","2010","7","Maharashtra","Nasik","1110.0"
"99","2011","7","Maharashtra","Nasik","1485.0"
"99","2012","7","Maharashtra","Nasik","1319.0"
"99","2013","7","Maharashtra","Nasik","1364.0"
"99","2014","7","Maharashtra","Nasik","1969.0"
"99","2015","7","Maharashtra","Nasik","1565.0"
"99","2016","7","Maharashtra","Nasik","1729.0"
"100","1966","7","Maharashtra","Dhule","54.7"
"100","1967","7","Maharashtra","Dhule","54.6"
"100","1968","7","Maharashtra","Dhule","-1.0"
"100","1969","7","Maharashtra","Dhule","54.5"
"100","1970","7","Maharashtra","Dhule","-1.0"
"100","1971","7","Maharashtra","Dhule","-1.0"
"100","1972","7","Maharashtra","Dhule","54.7"
"100","1973","7","Maharashtra","Dhule","-1.0"
"100","1974","7","Maharashtra","Dhule","153.7"
"100","1975","7","Maharashtra","Dhule","134.4"
"100","1976","7","Maharashtra","Dhule","106.0"
"100","1977","7","Maharashtra","Dhule","119.6"
"100","1978","7","Maharashtra","Dhule","111.2"
"100","1979","7","Maharashtra","Dhule","112.7"
"100","1980","7","Maharashtra","Dhule","154.0"
"100","1981","7","Maharashtra","Dhule","161.3"
"100","1982","7","Maharashtra","Dhule","150.0"
"100","1983","7","Maharashtra","Dhule","136.9"
"100","1984","7","Maharashtra","Dhule","142.3"
"100","1985","7","Maharashtra","Dhule","162.5"
"100","1986","7","Maharashtra","Dhule","158.2"
"100","1987","7","Maharashtra","Dhule","156.5"
"100","1988","7","Maharashtra","Dhule","155.4"
"100","1989","7","Maharashtra","Dhule","171.3"
"100","1990","7","Maharashtra","Dhule","226.0"
"100","1991","7","Maharashtra","Dhule","373.0"
"100","1992","7","Maharashtra","Dhule","310.0"
"100","1993","7","Maharashtra","Dhule","347.0"
"100","1994","7","Maharashtra","Dhule","390.0"
"100","1995","7","Maharashtra","Dhule","390.0"
"100","1996","7","Maharashtra","Dhule","430.0"
"100","1997","7","Maharashtra","Dhule","449.0"
"100","1998","7","Maharashtra","Dhule","444.0"
"100","1999","7","Maharashtra","Dhule","535.0"
"100","2000","7","Maharashtra","Dhule","536.0"
"100","2001","7","Maharashtra","Dhule","511.0"
"100","2002","7","Maharashtra","Dhule","521.0"
"100","2003","7","Maharashtra","Dhule","500.0"
"100","2004","7","Maharashtra","Dhule","532.0"
"100","2005","7","Maharashtra","Dhule","620.0"
"100","2006","7","Maharashtra","Dhule","615.0"
"100","2007","7","Maharashtra","Dhule","608.0"
"100","2008","7","Maharashtra","Dhule","839.0"
"100","2009","7","Maharashtra","Dhule","925.0"
"100","2010","7","Maharashtra","Dhule","1091.0"
"100","2011","7","Maharashtra","Dhule","1839.0"
"100","2012","7","Maharashtra","Dhule","1567.0"
"100","2013","7","Maharashtra","Dhule","1429.0"
"100","2014","7","Maharashtra","Dhule","1651.0"
"100","2015","7","Maharashtra","Dhule","1475.0"
"100","2016","7","Maharashtra","Dhule","1634.0"
"101","1966","7","Maharashtra","Jalgaon","-1.0"
"101","1967","7","Maharashtra","Jalgaon","-1.0"
"101","1968","7","Maharashtra","Jalgaon","69.9"
"101","1969","7","Maharashtra","Jalgaon","70.3"
"101","1970","7","Maharashtra","Jalgaon","67.0"
"101","1971","7","Maharashtra","Jalgaon","80.0"
"101","1972","7","Maharashtra","Jalgaon","88.3"
"101","1973","7","Maharashtra","Jalgaon","151.8"
"101","1974","7","Maharashtra","Jalgaon","-1.0"
"101","1975","7","Maharashtra","Jalgaon","137.6"
"101","1976","7","Maharashtra","Jalgaon","123.0"
"101","1977","7","Maharashtra","Jalgaon","110.7"
"101","1978","7","Maharashtra","Jalgaon","110.0"
"101","1979","7","Maharashtra","Jalgaon","113.2"
"101","1980","7","Maharashtra","Jalgaon","144.0"
"101","1981","7","Maharashtra","Jalgaon","120.5"
"101","1982","7","Maharashtra","Jalgaon","167.7"
"101","1983","7","Maharashtra","Jalgaon","152.9"
"101","1984","7","Maharashtra","Jalgaon","156.5"
"101","1985","7","Maharashtra","Jalgaon","161.3"
"101","1986","7","Maharashtra","Jalgaon","150.7"
"101","1987","7","Maharashtra","Jalgaon","152.7"
"101","1988","7","Maharashtra","Jalgaon","156.1"
"101","1989","7","Maharashtra","Jalgaon","158.3"
"101","1990","7","Maharashtra","Jalgaon","188.0"
"101","1991","7","Maharashtra","Jalgaon","352.0"
"101","1992","7","Maharashtra","Jalgaon","288.0"
"101","1993","7","Maharashtra","Jalgaon","335.0"
"101","1994","7","Maharashtra","Jalgaon","311.0"
"101","1995","7","Maharashtra","Jalgaon","311.0"
"101","1996","7","Maharashtra","Jalgaon","381.0"
"101","1997","7","Maharashtra","Jalgaon","434.0"
"101","1998","7","Maharashtra","Jalgaon","441.0"
"101","1999","7","Maharashtra","Jalgaon","517.0"
"101","2000","7","Maharashtra","Jalgaon","520.0"
"101","2001","7","Maharashtra","Jalgaon","514.0"
"101","2002","7","Maharashtra","Jalgaon","506.0"
"101","2003","7","Maharashtra","Jalgaon","511.0"
"101","2004","7","Maharashtra","Jalgaon","533.0"
"101","2005","7","Maharashtra","Jalgaon","531.0"
"101","2006","7","Maharashtra","Jalgaon","616.0"
"101","2007","7","Maharashtra","Jalgaon","613.0"
"101","2008","7","Maharashtra","Jalgaon","891.0"
"101","2009","7","Maharashtra","Jalgaon","849.0"
"101","2010","7","Maharashtra","Jalgaon","981.0"
"101","2011","7","Maharashtra","Jalgaon","1542.0"
"101","2012","7","Maharashtra","Jalgaon","1386.0"
"101","2013","7","Maharashtra","Jalgaon","1293.0"
"101","2014","7","Maharashtra","Jalgaon","1388.0"
"101","2015","7","Maharashtra","Jalgaon","1379.0"
"101","2016","7","Maharashtra","Jalgaon","1562.0"
"102","1966","7","Maharashtra","Ahmednagar","57.8"
"102","1967","7","Maharashtra","Ahmednagar","56.8"
"102","1968","7","Maharashtra","Ahmednagar","62.0"
"102","1969","7","Maharashtra","Ahmednagar","75.6"
"102","1970","7","Maharashtra","Ahmednagar","83.0"
"102","1971","7","Maharashtra","Ahmednagar","86.6"
"102","1972","7","Maharashtra","Ahmednagar","145.8"
"102","1973","7","Maharashtra","Ahmednagar","145.3"
"102","1974","7","Maharashtra","Ahmednagar","180.0"
"102","1975","7","Maharashtra","Ahmednagar","131.0"
"102","1976","7","Maharashtra","Ahmednagar","118.0"
"102","1977","7","Maharashtra","Ahmednagar","122.6"
"102","1978","7","Maharashtra","Ahmednagar","117.1"
"102","1979","7","Maharashtra","Ahmednagar","129.5"
"102","1980","7","Maharashtra","Ahmednagar","155.2"
"102","1981","7","Maharashtra","Ahmednagar","168.3"
"102","1982","7","Maharashtra","Ahmednagar","180.8"
"102","1983","7","Maharashtra","Ahmednagar","171.7"
"102","1984","7","Maharashtra","Ahmednagar","164.3"
"102","1985","7","Maharashtra","Ahmednagar","172.8"
"102","1986","7","Maharashtra","Ahmednagar","190.2"
"102","1987","7","Maharashtra","Ahmednagar","178.2"
"102","1988","7","Maharashtra","Ahmednagar","190.5"
"102","1989","7","Maharashtra","Ahmednagar","233.1"
"102","1990","7","Maharashtra","Ahmednagar","256.0"
"102","1991","7","Maharashtra","Ahmednagar","395.0"
"102","1992","7","Maharashtra","Ahmednagar","321.0"
"102","1993","7","Maharashtra","Ahmednagar","325.0"
"102","1994","7","Maharashtra","Ahmednagar","341.0"
"102","1995","7","Maharashtra","Ahmednagar","341.0"
"102","1996","7","Maharashtra","Ahmednagar","410.0"
"102","1997","7","Maharashtra","Ahmednagar","501.0"
"102","1998","7","Maharashtra","Ahmednagar","508.0"
"102","1999","7","Maharashtra","Ahmednagar","569.0"
"102","2000","7","Maharashtra","Ahmednagar","583.0"
"102","2001","7","Maharashtra","Ahmednagar","576.0"
"102","2002","7","Maharashtra","Ahmednagar","600.0"
"102","2003","7","Maharashtra","Ahmednagar","676.0"
"102","2004","7","Maharashtra","Ahmednagar","598.0"
"102","2005","7","Maharashtra","Ahmednagar","650.0"
"102","2006","7","Maharashtra","Ahmednagar","694.0"
"102","2007","7","Maharashtra","Ahmednagar","692.0"
"102","2008","7","Maharashtra","Ahmednagar","934.0"
"102","2009","7","Maharashtra","Ahmednagar","950.0"
"102","2010","7","Maharashtra","Ahmednagar","1009.0"
"102","2011","7","Maharashtra","Ahmednagar","2228.0"
"102","2012","7","Maharashtra","Ahmednagar","1890.0"
"102","2013","7","Maharashtra","Ahmednagar","1554.0"
"102","2014","7","Maharashtra","Ahmednagar","1794.0"
"102","2015","7","Maharashtra","Ahmednagar","1687.0"
"102","2016","7","Maharashtra","Ahmednagar","1885.0"
"103","1966","7","Maharashtra","Pune","63.0"
"103","1967","7","Maharashtra","Pune","77.0"
"103","1968","7","Maharashtra","Pune","97.8"
"103","1969","7","Maharashtra","Pune","52.5"
"103","1970","7","Maharashtra","Pune","65.0"
"103","1971","7","Maharashtra","Pune","83.7"
"103","1972","7","Maharashtra","Pune","153.9"
"103","1973","7","Maharashtra","Pune","170.5"
"103","1974","7","Maharashtra","Pune","195.5"
"103","1975","7","Maharashtra","Pune","179.9"
"103","1976","7","Maharashtra","Pune","131.0"
"103","1977","7","Maharashtra","Pune","123.0"
"103","1978","7","Maharashtra","Pune","118.4"
"103","1979","7","Maharashtra","Pune","127.4"
"103","1980","7","Maharashtra","Pune","160.0"
"103","1981","7","Maharashtra","Pune","175.8"
"103","1982","7","Maharashtra","Pune","178.3"
"103","1983","7","Maharashtra","Pune","170.1"
"103","1984","7","Maharashtra","Pune","165.3"
"103","1985","7","Maharashtra","Pune","178.1"
"103","1986","7","Maharashtra","Pune","203.4"
"103","1987","7","Maharashtra","Pune","201.9"
"103","1988","7","Maharashtra","Pune","208.0"
"103","1989","7","Maharashtra","Pune","236.3"
"103","1990","7","Maharashtra","Pune","313.0"
"103","1991","7","Maharashtra","Pune","418.0"
"103","1992","7","Maharashtra","Pune","374.0"
"103","1993","7","Maharashtra","Pune","370.0"
"103","1994","7","Maharashtra","Pune","393.0"
"103","1995","7","Maharashtra","Pune","393.0"
"103","1996","7","Maharashtra","Pune","425.0"
"103","1997","7","Maharashtra","Pune","512.0"
"103","1998","7","Maharashtra","Pune","521.0"
"103","1999","7","Maharashtra","Pune","555.0"
"103","2000","7","Maharashtra","Pune","587.0"
"103","2001","7","Maharashtra","Pune","579.0"
"103","2002","7","Maharashtra","Pune","615.0"
"103","2003","7","Maharashtra","Pune","715.0"
"103","2004","7","Maharashtra","Pune","686.0"
"103","2005","7","Maharashtra","Pune","690.0"
"103","2006","7","Maharashtra","Pune","683.0"
"103","2007","7","Maharashtra","Pune","695.0"
"103","2008","7","Maharashtra","Pune","943.0"
"103","2009","7","Maharashtra","Pune","1082.0"
"103","2010","7","Maharashtra","Pune","1312.0"
"103","2011","7","Maharashtra","Pune","2448.0"
"103","2012","7","Maharashtra","Pune","2095.0"
"103","2013","7","Maharashtra","Pune","1836.0"
"103","2014","7","Maharashtra","Pune","2150.0"
"103","2015","7","Maharashtra","Pune","1960.0"
"103","2016","7","Maharashtra","Pune","2233.0"
"104","1966","7","Maharashtra","Satara","81.8"
"104","1967","7","Maharashtra","Satara","82.5"
"104","1968","7","Maharashtra","Satara","91.5"
"104","1969","7","Maharashtra","Satara","98.0"
"104","1970","7","Maharashtra","Satara","83.4"
"104","1971","7","Maharashtra","Satara","111.0"
"104","1972","7","Maharashtra","Satara","144.6"
"104","1973","7","Maharashtra","Satara","170.0"
"104","1974","7","Maharashtra","Satara","190.0"
"104","1975","7","Maharashtra","Satara","151.4"
"104","1976","7","Maharashtra","Satara","122.0"
"104","1977","7","Maharashtra","Satara","122.0"
"104","1978","7","Maharashtra","Satara","115.6"
"104","1979","7","Maharashtra","Satara","127.8"
"104","1980","7","Maharashtra","Satara","160.0"
"104","1981","7","Maharashtra","Satara","172.1"
"104","1982","7","Maharashtra","Satara","186.6"
"104","1983","7","Maharashtra","Satara","180.5"
"104","1984","7","Maharashtra","Satara","174.8"
"104","1985","7","Maharashtra","Satara","178.8"
"104","1986","7","Maharashtra","Satara","178.2"
"104","1987","7","Maharashtra","Satara","181.8"
"104","1988","7","Maharashtra","Satara","192.3"
"104","1989","7","Maharashtra","Satara","226.5"
"104","1990","7","Maharashtra","Satara","300.0"
"104","1991","7","Maharashtra","Satara","399.0"
"104","1992","7","Maharashtra","Satara","351.0"
"104","1993","7","Maharashtra","Satara","357.0"
"104","1994","7","Maharashtra","Satara","382.0"
"104","1995","7","Maharashtra","Satara","385.0"
"104","1996","7","Maharashtra","Satara","422.0"
"104","1997","7","Maharashtra","Satara","523.0"
"104","1998","7","Maharashtra","Satara","515.0"
"104","1999","7","Maharashtra","Satara","571.0"
"104","2000","7","Maharashtra","Satara","-1.0"
"104","2001","7","Maharashtra","Satara","588.0"
"104","2002","7","Maharashtra","Satara","620.0"
"104","2003","7","Maharashtra","Satara","755.0"
"104","2004","7","Maharashtra","Satara","625.0"
"104","2005","7","Maharashtra","Satara","725.0"
"104","2006","7","Maharashtra","Satara","760.0"
"104","2007","7","Maharashtra","Satara","755.0"
"104","2008","7","Maharashtra","Satara","1014.0"
"104","2009","7","Maharashtra","Satara","1067.0"
"104","2010","7","Maharashtra","Satara","1365.0"
"104","2011","7","Maharashtra","Satara","2470.0"
"104","2012","7","Maharashtra","Satara","2055.0"
"104","2013","7","Maharashtra","Satara","1760.0"
"104","2014","7","Maharashtra","Satara","2015.0"
"104","2015","7","Maharashtra","Satara","2018.0"
"104","2016","7","Maharashtra","Satara","2070.0"
"105","1966","7","Maharashtra","Sangli","54.2"
"105","1967","7","Maharashtra","Sangli","-1.0"
"105","1968","7","Maharashtra","Sangli","85.7"
"105","1969","7","Maharashtra","Sangli","-1.0"
"105","1970","7","Maharashtra","Sangli","-1.0"
"105","1971","7","Maharashtra","Sangli","120.0"
"105","1972","7","Maharashtra","Sangli","148.3"
"105","1973","7","Maharashtra","Sangli","146.9"
"105","1974","7","Maharashtra","Sangli","191.7"
"105","1975","7","Maharashtra","Sangli","184.6"
"105","1976","7","Maharashtra","Sangli","137.0"
"105","1977","7","Maharashtra","Sangli","113.0"
"105","1978","7","Maharashtra","Sangli","110.0"
"105","1979","7","Maharashtra","Sangli","121.9"
"105","1980","7","Maharashtra","Sangli","150.0"
"105","1981","7","Maharashtra","Sangli","158.3"
"105","1982","7","Maharashtra","Sangli","163.5"
"105","1983","7","Maharashtra","Sangli","157.6"
"105","1984","7","Maharashtra","Sangli","158.9"
"105","1985","7","Maharashtra","Sangli","167.8"
"105","1986","7","Maharashtra","Sangli","180.0"
"105","1987","7","Maharashtra","Sangli","187.4"
"105","1988","7","Maharashtra","Sangli","201.6"
"105","1989","7","Maharashtra","Sangli","200.0"
"105","1990","7","Maharashtra","Sangli","276.0"
"105","1991","7","Maharashtra","Sangli","407.0"
"105","1992","7","Maharashtra","Sangli","355.0"
"105","1993","7","Maharashtra","Sangli","353.0"
"105","1994","7","Maharashtra","Sangli","376.0"
"105","1995","7","Maharashtra","Sangli","382.0"
"105","1996","7","Maharashtra","Sangli","425.0"
"105","1997","7","Maharashtra","Sangli","516.0"
"105","1998","7","Maharashtra","Sangli","520.0"
"105","1999","7","Maharashtra","Sangli","563.0"
"105","2000","7","Maharashtra","Sangli","-1.0"
"105","2001","7","Maharashtra","Sangli","601.0"
"105","2002","7","Maharashtra","Sangli","642.0"
"105","2003","7","Maharashtra","Sangli","708.0"
"105","2004","7","Maharashtra","Sangli","685.0"
"105","2005","7","Maharashtra","Sangli","750.0"
"105","2006","7","Maharashtra","Sangli","690.0"
"105","2007","7","Maharashtra","Sangli","688.0"
"105","2008","7","Maharashtra","Sangli","896.0"
"105","2009","7","Maharashtra","Sangli","1016.0"
"105","2010","7","Maharashtra","Sangli","1316.0"
"105","2011","7","Maharashtra","Sangli","2219.0"
"105","2012","7","Maharashtra","Sangli","2007.0"
"105","2013","7","Maharashtra","Sangli","1932.0"
"105","2014","7","Maharashtra","Sangli","2160.0"
"105","2015","7","Maharashtra","Sangli","2217.0"
"105","2016","7","Maharashtra","Sangli","2225.0"
"106","1966","7","Maharashtra","Solapur","56.0"
"106","1967","7","Maharashtra","Solapur","56.0"
"106","1968","7","Maharashtra","Solapur","56.0"
"106","1969","7","Maharashtra","Solapur","56.0"
"106","1970","7","Maharashtra","Solapur","99.3"
"106","1971","7","Maharashtra","Solapur","94.2"
"106","1972","7","Maharashtra","Solapur","110.4"
"106","1973","7","Maharashtra","Solapur","150.7"
"106","1974","7","Maharashtra","Solapur","164.5"
"106","1975","7","Maharashtra","Solapur","153.8"
"106","1976","7","Maharashtra","Solapur","140.0"
"106","1977","7","Maharashtra","Solapur","126.6"
"106","1978","7","Maharashtra","Solapur","115.0"
"106","1979","7","Maharashtra","Solapur","123.7"
"106","1980","7","Maharashtra","Solapur","163.7"
"106","1981","7","Maharashtra","Solapur","174.5"
"106","1982","7","Maharashtra","Solapur","175.9"
"106","1983","7","Maharashtra","Solapur","168.3"
"106","1984","7","Maharashtra","Solapur","163.5"
"106","1985","7","Maharashtra","Solapur","175.5"
"106","1986","7","Maharashtra","Solapur","201.7"
"106","1987","7","Maharashtra","Solapur","197.9"
"106","1988","7","Maharashtra","Solapur","205.6"
"106","1989","7","Maharashtra","Solapur","230.4"
"106","1990","7","Maharashtra","Solapur","270.0"
"106","1991","7","Maharashtra","Solapur","412.0"
"106","1992","7","Maharashtra","Solapur","371.0"
"106","1993","7","Maharashtra","Solapur","362.0"
"106","1994","7","Maharashtra","Solapur","385.0"
"106","1995","7","Maharashtra","Solapur","376.0"
"106","1996","7","Maharashtra","Solapur","415.0"
"106","1997","7","Maharashtra","Solapur","510.0"
"106","1998","7","Maharashtra","Solapur","533.0"
"106","1999","7","Maharashtra","Solapur","541.0"
"106","2000","7","Maharashtra","Solapur","578.0"
"106","2001","7","Maharashtra","Solapur","573.0"
"106","2002","7","Maharashtra","Solapur","668.0"
"106","2003","7","Maharashtra","Solapur","700.0"
"106","2004","7","Maharashtra","Solapur","673.0"
"106","2005","7","Maharashtra","Solapur","571.0"
"106","2006","7","Maharashtra","Solapur","605.0"
"106","2007","7","Maharashtra","Solapur","602.0"
"106","2008","7","Maharashtra","Solapur","952.0"
"106","2009","7","Maharashtra","Solapur","1030.0"
"106","2010","7","Maharashtra","Solapur","1320.0"
"106","2011","7","Maharashtra","Solapur","2531.0"
"106","2012","7","Maharashtra","Solapur","1961.0"
"106","2013","7","Maharashtra","Solapur","1648.0"
"106","2014","7","Maharashtra","Solapur","1884.0"
"106","2015","7","Maharashtra","Solapur","1944.0"
"106","2016","7","Maharashtra","Solapur","2050.0"
"107","1966","7","Maharashtra","Kolhapur","91.4"
"107","1967","7","Maharashtra","Kolhapur","84.7"
"107","1968","7","Maharashtra","Kolhapur","-1.0"
"107","1969","7","Maharashtra","Kolhapur","104.7"
"107","1970","7","Maharashtra","Kolhapur","88.8"
"107","1971","7","Maharashtra","Kolhapur","105.6"
"107","1972","7","Maharashtra","Kolhapur","151.6"
"107","1973","7","Maharashtra","Kolhapur","148.5"
"107","1974","7","Maharashtra","Kolhapur","176.4"
"107","1975","7","Maharashtra","Kolhapur","113.6"
"107","1976","7","Maharashtra","Kolhapur","140.0"
"107","1977","7","Maharashtra","Kolhapur","113.6"
"107","1978","7","Maharashtra","Kolhapur","110.0"
"107","1979","7","Maharashtra","Kolhapur","124.8"
"107","1980","7","Maharashtra","Kolhapur","152.0"
"107","1981","7","Maharashtra","Kolhapur","162.5"
"107","1982","7","Maharashtra","Kolhapur","165.3"
"107","1983","7","Maharashtra","Kolhapur","161.2"
"107","1984","7","Maharashtra","Kolhapur","160.9"
"107","1985","7","Maharashtra","Kolhapur","165.8"
"107","1986","7","Maharashtra","Kolhapur","164.9"
"107","1987","7","Maharashtra","Kolhapur","176.4"
"107","1988","7","Maharashtra","Kolhapur","198.1"
"107","1989","7","Maharashtra","Kolhapur","205.2"
"107","1990","7","Maharashtra","Kolhapur","286.0"
"107","1991","7","Maharashtra","Kolhapur","380.0"
"107","1992","7","Maharashtra","Kolhapur","343.0"
"107","1993","7","Maharashtra","Kolhapur","385.0"
"107","1994","7","Maharashtra","Kolhapur","390.0"
"107","1995","7","Maharashtra","Kolhapur","390.0"
"107","1996","7","Maharashtra","Kolhapur","440.0"
"107","1997","7","Maharashtra","Kolhapur","495.0"
"107","1998","7","Maharashtra","Kolhapur","501.0"
"107","1999","7","Maharashtra","Kolhapur","560.0"
"107","2000","7","Maharashtra","Kolhapur","-1.0"
"107","2001","7","Maharashtra","Kolhapur","604.0"
"107","2002","7","Maharashtra","Kolhapur","622.0"
"107","2003","7","Maharashtra","Kolhapur","828.0"
"107","2004","7","Maharashtra","Kolhapur","801.0"
"107","2005","7","Maharashtra","Kolhapur","900.0"
"107","2006","7","Maharashtra","Kolhapur","1011.0"
"107","2007","7","Maharashtra","Kolhapur","1010.0"
"107","2008","7","Maharashtra","Kolhapur","1036.0"
"107","2009","7","Maharashtra","Kolhapur","1025.0"
"107","2010","7","Maharashtra","Kolhapur","1575.0"
"107","2011","7","Maharashtra","Kolhapur","2973.0"
"107","2012","7","Maharashtra","Kolhapur","2529.0"
"107","2013","7","Maharashtra","Kolhapur","2268.0"
"107","2014","7","Maharashtra","Kolhapur","2460.0"
"107","2015","7","Maharashtra","Kolhapur","2761.0"
"107","2016","7","Maharashtra","Kolhapur","2984.0"
"108","1966","7","Maharashtra","Aurangabad","-1.0"
"108","1967","7","Maharashtra","Aurangabad","-1.0"
"108","1968","7","Maharashtra","Aurangabad","56.5"
"108","1969","7","Maharashtra","Aurangabad","56.0"
"108","1970","7","Maharashtra","Aurangabad","56.0"
"108","1971","7","Maharashtra","Aurangabad","56.0"
"108","1972","7","Maharashtra","Aurangabad","223.5"
"108","1973","7","Maharashtra","Aurangabad","149.5"
"108","1974","7","Maharashtra","Aurangabad","186.0"
"108","1975","7","Maharashtra","Aurangabad","160.5"
"108","1976","7","Maharashtra","Aurangabad","118.0"
"108","1977","7","Maharashtra","Aurangabad","108.0"
"108","1978","7","Maharashtra","Aurangabad","114.7"
"108","1979","7","Maharashtra","Aurangabad","120.0"
"108","1980","7","Maharashtra","Aurangabad","162.5"
"108","1981","7","Maharashtra","Aurangabad","151.3"
"108","1982","7","Maharashtra","Aurangabad","170.0"
"108","1983","7","Maharashtra","Aurangabad","175.3"
"108","1984","7","Maharashtra","Aurangabad","184.3"
"108","1985","7","Maharashtra","Aurangabad","193.3"
"108","1986","7","Maharashtra","Aurangabad","159.0"
"108","1987","7","Maharashtra","Aurangabad","194.5"
"108","1988","7","Maharashtra","Aurangabad","203.9"
"108","1989","7","Maharashtra","Aurangabad","205.5"
"108","1990","7","Maharashtra","Aurangabad","266.0"
"108","1991","7","Maharashtra","Aurangabad","422.0"
"108","1992","7","Maharashtra","Aurangabad","331.0"
"108","1993","7","Maharashtra","Aurangabad","352.0"
"108","1994","7","Maharashtra","Aurangabad","360.0"
"108","1995","7","Maharashtra","Aurangabad","360.0"
"108","1996","7","Maharashtra","Aurangabad","445.0"
"108","1997","7","Maharashtra","Aurangabad","527.0"
"108","1998","7","Maharashtra","Aurangabad","494.0"
"108","1999","7","Maharashtra","Aurangabad","511.0"
"108","2000","7","Maharashtra","Aurangabad","-1.0"
"108","2001","7","Maharashtra","Aurangabad","554.0"
"108","2002","7","Maharashtra","Aurangabad","590.0"
"108","2003","7","Maharashtra","Aurangabad","600.0"
"108","2004","7","Maharashtra","Aurangabad","575.0"
"108","2005","7","Maharashtra","Aurangabad","484.0"
"108","2006","7","Maharashtra","Aurangabad","712.0"
"108","2007","7","Maharashtra","Aurangabad","790.0"
"108","2008","7","Maharashtra","Aurangabad","979.0"
"108","2009","7","Maharashtra","Aurangabad","972.0"
"108","2010","7","Maharashtra","Aurangabad","1162.0"
"108","2011","7","Maharashtra","Aurangabad","2214.0"
"108","2012","7","Maharashtra","Aurangabad","1784.0"
"108","2013","7","Maharashtra","Aurangabad","1488.0"
"108","2014","7","Maharashtra","Aurangabad","1607.0"
"108","2015","7","Maharashtra","Aurangabad","1559.0"
"108","2016","7","Maharashtra","Aurangabad","1863.0"
"109","1966","7","Maharashtra","Parbhani","-1.0"
"109","1967","7","Maharashtra","Parbhani","56.0"
"109","1968","7","Maharashtra","Parbhani","57.0"
"109","1969","7","Maharashtra","Parbhani","56.0"
"109","1970","7","Maharashtra","Parbhani","117.0"
"109","1971","7","Maharashtra","Parbhani","110.0"
"109","1972","7","Maharashtra","Parbhani","99.5"
"109","1973","7","Maharashtra","Parbhani","154.7"
"109","1974","7","Maharashtra","Parbhani","155.5"
"109","1975","7","Maharashtra","Parbhani","131.1"
"109","1976","7","Maharashtra","Parbhani","117.0"
"109","1977","7","Maharashtra","Parbhani","104.0"
"109","1978","7","Maharashtra","Parbhani","114.5"
"109","1979","7","Maharashtra","Parbhani","128.3"
"109","1980","7","Maharashtra","Parbhani","162.0"
"109","1981","7","Maharashtra","Parbhani","162.3"
"109","1982","7","Maharashtra","Parbhani","170.5"
"109","1983","7","Maharashtra","Parbhani","174.8"
"109","1984","7","Maharashtra","Parbhani","165.3"
"109","1985","7","Maharashtra","Parbhani","169.1"
"109","1986","7","Maharashtra","Parbhani","180.3"
"109","1987","7","Maharashtra","Parbhani","164.7"
"109","1988","7","Maharashtra","Parbhani","171.7"
"109","1989","7","Maharashtra","Parbhani","170.3"
"109","1990","7","Maharashtra","Parbhani","224.0"
"109","1991","7","Maharashtra","Parbhani","398.0"
"109","1992","7","Maharashtra","Parbhani","296.0"
"109","1993","7","Maharashtra","Parbhani","328.0"
"109","1994","7","Maharashtra","Parbhani","333.0"
"109","1995","7","Maharashtra","Parbhani","333.0"
"109","1996","7","Maharashtra","Parbhani","392.0"
"109","1997","7","Maharashtra","Parbhani","484.0"
"109","1998","7","Maharashtra","Parbhani","502.0"
"109","1999","7","Maharashtra","Parbhani","529.0"
"109","2000","7","Maharashtra","Parbhani","537.0"
"109","2001","7","Maharashtra","Parbhani","532.0"
"109","2002","7","Maharashtra","Parbhani","510.0"
"109","2003","7","Maharashtra","Parbhani","538.0"
"109","2004","7","Maharashtra","Parbhani","565.0"
"109","2005","7","Maharashtra","Parbhani","358.0"
"109","2006","7","Maharashtra","Parbhani","490.0"
"109","2007","7","Maharashtra","Parbhani","487.0"
"109","2008","7","Maharashtra","Parbhani","880.0"
"109","2009","7","Maharashtra","Parbhani","894.0"
"109","2010","7","Maharashtra","Parbhani","1009.0"
"109","2011","7","Maharashtra","Parbhani","1973.0"
"109","2012","7","Maharashtra","Parbhani","1548.0"
"109","2013","7","Maharashtra","Parbhani","1413.0"
"109","2014","7","Maharashtra","Parbhani","1301.0"
"109","2015","7","Maharashtra","Parbhani","1453.0"
"109","2016","7","Maharashtra","Parbhani","1809.0"
"110","1966","7","Maharashtra","Beed","61.4"
"110","1967","7","Maharashtra","Beed","68.9"
"110","1968","7","Maharashtra","Beed","56.0"
"110","1969","7","Maharashtra","Beed","56.0"
"110","1970","7","Maharashtra","Beed","87.4"
"110","1971","7","Maharashtra","Beed","89.3"
"110","1972","7","Maharashtra","Beed","116.3"
"110","1973","7","Maharashtra","Beed","169.3"
"110","1974","7","Maharashtra","Beed","169.9"
"110","1975","7","Maharashtra","Beed","142.1"
"110","1976","7","Maharashtra","Beed","136.0"
"110","1977","7","Maharashtra","Beed","127.7"
"110","1978","7","Maharashtra","Beed","114.9"
"110","1979","7","Maharashtra","Beed","120.8"
"110","1980","7","Maharashtra","Beed","146.0"
"110","1981","7","Maharashtra","Beed","165.8"
"110","1982","7","Maharashtra","Beed","168.0"
"110","1983","7","Maharashtra","Beed","170.1"
"110","1984","7","Maharashtra","Beed","166.8"
"110","1985","7","Maharashtra","Beed","170.3"
"110","1986","7","Maharashtra","Beed","186.2"
"110","1987","7","Maharashtra","Beed","161.9"
"110","1988","7","Maharashtra","Beed","178.9"
"110","1989","7","Maharashtra","Beed","200.2"
"110","1990","7","Maharashtra","Beed","223.0"
"110","1991","7","Maharashtra","Beed","397.0"
"110","1992","7","Maharashtra","Beed","342.0"
"110","1993","7","Maharashtra","Beed","356.0"
"110","1994","7","Maharashtra","Beed","362.0"
"110","1995","7","Maharashtra","Beed","362.0"
"110","1996","7","Maharashtra","Beed","419.0"
"110","1997","7","Maharashtra","Beed","503.0"
"110","1998","7","Maharashtra","Beed","503.0"
"110","1999","7","Maharashtra","Beed","532.0"
"110","2000","7","Maharashtra","Beed","540.0"
"110","2001","7","Maharashtra","Beed","558.0"
"110","2002","7","Maharashtra","Beed","531.0"
"110","2003","7","Maharashtra","Beed","568.0"
"110","2004","7","Maharashtra","Beed","544.0"
"110","2005","7","Maharashtra","Beed","612.0"
"110","2006","7","Maharashtra","Beed","614.0"
"110","2007","7","Maharashtra","Beed","680.0"
"110","2008","7","Maharashtra","Beed","1088.0"
"110","2009","7","Maharashtra","Beed","1013.0"
"110","2010","7","Maharashtra","Beed","1067.0"
"110","2011","7","Maharashtra","Beed","1979.0"
"110","2012","7","Maharashtra","Beed","1743.0"
"110","2013","7","Maharashtra","Beed","1474.0"
"110","2014","7","Maharashtra","Beed","1845.0"
"110","2015","7","Maharashtra","Beed","1894.0"
"110","2016","7","Maharashtra","Beed","1865.0"
"111","1966","7","Maharashtra","Nanded","-1.0"
"111","1967","7","Maharashtra","Nanded","51.0"
"111","1968","7","Maharashtra","Nanded","-1.0"
"111","1969","7","Maharashtra","Nanded","-1.0"
"111","1970","7","Maharashtra","Nanded","-1.0"
"111","1971","7","Maharashtra","Nanded","84.0"
"111","1972","7","Maharashtra","Nanded","147.8"
"111","1973","7","Maharashtra","Nanded","237.5"
"111","1974","7","Maharashtra","Nanded","143.6"
"111","1975","7","Maharashtra","Nanded","136.6"
"111","1976","7","Maharashtra","Nanded","118.0"
"111","1977","7","Maharashtra","Nanded","109.0"
"111","1978","7","Maharashtra","Nanded","107.0"
"111","1979","7","Maharashtra","Nanded","125.0"
"111","1980","7","Maharashtra","Nanded","140.0"
"111","1981","7","Maharashtra","Nanded","151.1"
"111","1982","7","Maharashtra","Nanded","139.7"
"111","1983","7","Maharashtra","Nanded","149.8"
"111","1984","7","Maharashtra","Nanded","137.9"
"111","1985","7","Maharashtra","Nanded","153.8"
"111","1986","7","Maharashtra","Nanded","172.2"
"111","1987","7","Maharashtra","Nanded","166.8"
"111","1988","7","Maharashtra","Nanded","186.5"
"111","1989","7","Maharashtra","Nanded","189.3"
"111","1990","7","Maharashtra","Nanded","244.0"
"111","1991","7","Maharashtra","Nanded","406.0"
"111","1992","7","Maharashtra","Nanded","305.0"
"111","1993","7","Maharashtra","Nanded","310.0"
"111","1994","7","Maharashtra","Nanded","321.0"
"111","1995","7","Maharashtra","Nanded","321.0"
"111","1996","7","Maharashtra","Nanded","375.0"
"111","1997","7","Maharashtra","Nanded","468.0"
"111","1998","7","Maharashtra","Nanded","465.0"
"111","1999","7","Maharashtra","Nanded","518.0"
"111","2000","7","Maharashtra","Nanded","533.0"
"111","2001","7","Maharashtra","Nanded","555.0"
"111","2002","7","Maharashtra","Nanded","492.0"
"111","2003","7","Maharashtra","Nanded","525.0"
"111","2004","7","Maharashtra","Nanded","511.0"
"111","2005","7","Maharashtra","Nanded","779.0"
"111","2006","7","Maharashtra","Nanded","559.0"
"111","2007","7","Maharashtra","Nanded","553.0"
"111","2008","7","Maharashtra","Nanded","724.0"
"111","2009","7","Maharashtra","Nanded","885.0"
"111","2010","7","Maharashtra","Nanded","815.0"
"111","2011","7","Maharashtra","Nanded","1071.0"
"111","2012","7","Maharashtra","Nanded","1121.0"
"111","2013","7","Maharashtra","Nanded","1252.0"
"111","2014","7","Maharashtra","Nanded","1357.0"
"111","2015","7","Maharashtra","Nanded","1339.0"
"111","2016","7","Maharashtra","Nanded","1419.0"
"112","1966","7","Maharashtra","Osmanabad","52.5"
"112","1967","7","Maharashtra","Osmanabad","52.3"
"112","1968","7","Maharashtra","Osmanabad","54.3"
"112","1969","7","Maharashtra","Osmanabad","54.6"
"112","1970","7","Maharashtra","Osmanabad","65.6"
"112","1971","7","Maharashtra","Osmanabad","86.8"
"112","1972","7","Maharashtra","Osmanabad","103.6"
"112","1973","7","Maharashtra","Osmanabad","148.1"
"112","1974","7","Maharashtra","Osmanabad","164.8"
"112","1975","7","Maharashtra","Osmanabad","129.9"
"112","1976","7","Maharashtra","Osmanabad","114.0"
"112","1977","7","Maharashtra","Osmanabad","99.0"
"112","1978","7","Maharashtra","Osmanabad","106.4"
"112","1979","7","Maharashtra","Osmanabad","117.7"
"112","1980","7","Maharashtra","Osmanabad","130.0"
"112","1981","7","Maharashtra","Osmanabad","149.2"
"112","1982","7","Maharashtra","Osmanabad","154.8"
"112","1983","7","Maharashtra","Osmanabad","173.2"
"112","1984","7","Maharashtra","Osmanabad","169.3"
"112","1985","7","Maharashtra","Osmanabad","174.3"
"112","1986","7","Maharashtra","Osmanabad","183.5"
"112","1987","7","Maharashtra","Osmanabad","170.2"
"112","1988","7","Maharashtra","Osmanabad","195.4"
"112","1989","7","Maharashtra","Osmanabad","188.5"
"112","1990","7","Maharashtra","Osmanabad","271.0"
"112","1991","7","Maharashtra","Osmanabad","409.0"
"112","1992","7","Maharashtra","Osmanabad","314.0"
"112","1993","7","Maharashtra","Osmanabad","323.0"
"112","1994","7","Maharashtra","Osmanabad","336.0"
"112","1995","7","Maharashtra","Osmanabad","336.0"
"112","1996","7","Maharashtra","Osmanabad","362.0"
"112","1997","7","Maharashtra","Osmanabad","449.0"
"112","1998","7","Maharashtra","Osmanabad","448.0"
"112","1999","7","Maharashtra","Osmanabad","522.0"
"112","2000","7","Maharashtra","Osmanabad","528.0"
"112","2001","7","Maharashtra","Osmanabad","562.0"
"112","2002","7","Maharashtra","Osmanabad","562.0"
"112","2003","7","Maharashtra","Osmanabad","601.0"
"112","2004","7","Maharashtra","Osmanabad","580.0"
"112","2005","7","Maharashtra","Osmanabad","425.0"
"112","2006","7","Maharashtra","Osmanabad","619.0"
"112","2007","7","Maharashtra","Osmanabad","615.0"
"112","2008","7","Maharashtra","Osmanabad","809.0"
"112","2009","7","Maharashtra","Osmanabad","966.0"
"112","2010","7","Maharashtra","Osmanabad","1004.0"
"112","2011","7","Maharashtra","Osmanabad","1754.0"
"112","2012","7","Maharashtra","Osmanabad","1497.0"
"112","2013","7","Maharashtra","Osmanabad","1354.0"
"112","2014","7","Maharashtra","Osmanabad","1523.0"
"112","2015","7","Maharashtra","Osmanabad","1855.0"
"112","2016","7","Maharashtra","Osmanabad","1879.0"
"113","1966","7","Maharashtra","Buldhana","-1.0"
"113","1967","7","Maharashtra","Buldhana","-1.0"
"113","1968","7","Maharashtra","Buldhana","55.3"
"113","1969","7","Maharashtra","Buldhana","117.0"
"113","1970","7","Maharashtra","Buldhana","-1.0"
"113","1971","7","Maharashtra","Buldhana","-1.0"
"113","1972","7","Maharashtra","Buldhana","54.7"
"113","1973","7","Maharashtra","Buldhana","159.4"
"113","1974","7","Maharashtra","Buldhana","185.0"
"113","1975","7","Maharashtra","Buldhana","126.7"
"113","1976","7","Maharashtra","Buldhana","125.0"
"113","1977","7","Maharashtra","Buldhana","95.0"
"113","1978","7","Maharashtra","Buldhana","107.8"
"113","1979","7","Maharashtra","Buldhana","110.0"
"113","1980","7","Maharashtra","Buldhana","155.0"
"113","1981","7","Maharashtra","Buldhana","129.5"
"113","1982","7","Maharashtra","Buldhana","129.5"
"113","1983","7","Maharashtra","Buldhana","127.1"
"113","1984","7","Maharashtra","Buldhana","138.5"
"113","1985","7","Maharashtra","Buldhana","126.5"
"113","1986","7","Maharashtra","Buldhana","123.5"
"113","1987","7","Maharashtra","Buldhana","122.5"
"113","1988","7","Maharashtra","Buldhana","136.0"
"113","1989","7","Maharashtra","Buldhana","149.4"
"113","1990","7","Maharashtra","Buldhana","179.0"
"113","1991","7","Maharashtra","Buldhana","389.0"
"113","1992","7","Maharashtra","Buldhana","287.0"
"113","1993","7","Maharashtra","Buldhana","341.0"
"113","1994","7","Maharashtra","Buldhana","360.0"
"113","1995","7","Maharashtra","Buldhana","360.0"
"113","1996","7","Maharashtra","Buldhana","419.0"
"113","1997","7","Maharashtra","Buldhana","441.0"
"113","1998","7","Maharashtra","Buldhana","440.0"
"113","1999","7","Maharashtra","Buldhana","492.0"
"113","2000","7","Maharashtra","Buldhana","489.0"
"113","2001","7","Maharashtra","Buldhana","501.0"
"113","2002","7","Maharashtra","Buldhana","489.0"
"113","2003","7","Maharashtra","Buldhana","565.0"
"113","2004","7","Maharashtra","Buldhana","586.0"
"113","2005","7","Maharashtra","Buldhana","663.0"
"113","2006","7","Maharashtra","Buldhana","555.0"
"113","2007","7","Maharashtra","Buldhana","552.0"
"113","2008","7","Maharashtra","Buldhana","668.0"
"113","2009","7","Maharashtra","Buldhana","764.0"
"113","2010","7","Maharashtra","Buldhana","848.0"
"113","2011","7","Maharashtra","Buldhana","1141.0"
"113","2012","7","Maharashtra","Buldhana","1181.0"
"113","2013","7","Maharashtra","Buldhana","1306.0"
"113","2014","7","Maharashtra","Buldhana","1226.0"
"113","2015","7","Maharashtra","Buldhana","1255.0"
"113","2016","7","Maharashtra","Buldhana","1446.0"
"114","1966","7","Maharashtra","Akola","53.1"
"114","1967","7","Maharashtra","Akola","58.6"
"114","1968","7","Maharashtra","Akola","53.8"
"114","1969","7","Maharashtra","Akola","55.1"
"114","1970","7","Maharashtra","Akola","65.5"
"114","1971","7","Maharashtra","Akola","64.4"
"114","1972","7","Maharashtra","Akola","95.8"
"114","1973","7","Maharashtra","Akola","166.9"
"114","1974","7","Maharashtra","Akola","155.1"
"114","1975","7","Maharashtra","Akola","119.4"
"114","1976","7","Maharashtra","Akola","106.0"
"114","1977","7","Maharashtra","Akola","93.6"
"114","1978","7","Maharashtra","Akola","104.7"
"114","1979","7","Maharashtra","Akola","106.3"
"114","1980","7","Maharashtra","Akola","140.0"
"114","1981","7","Maharashtra","Akola","120.8"
"114","1982","7","Maharashtra","Akola","131.3"
"114","1983","7","Maharashtra","Akola","128.8"
"114","1984","7","Maharashtra","Akola","133.6"
"114","1985","7","Maharashtra","Akola","130.2"
"114","1986","7","Maharashtra","Akola","139.3"
"114","1987","7","Maharashtra","Akola","134.8"
"114","1988","7","Maharashtra","Akola","145.3"
"114","1989","7","Maharashtra","Akola","157.2"
"114","1990","7","Maharashtra","Akola","166.0"
"114","1991","7","Maharashtra","Akola","350.0"
"114","1992","7","Maharashtra","Akola","226.0"
"114","1993","7","Maharashtra","Akola","295.0"
"114","1994","7","Maharashtra","Akola","320.0"
"114","1995","7","Maharashtra","Akola","320.0"
"114","1996","7","Maharashtra","Akola","380.0"
"114","1997","7","Maharashtra","Akola","398.0"
"114","1998","7","Maharashtra","Akola","449.0"
"114","1999","7","Maharashtra","Akola","505.0"
"114","2000","7","Maharashtra","Akola","508.0"
"114","2001","7","Maharashtra","Akola","517.0"
"114","2002","7","Maharashtra","Akola","497.0"
"114","2003","7","Maharashtra","Akola","500.0"
"114","2004","7","Maharashtra","Akola","530.0"
"114","2005","7","Maharashtra","Akola","311.0"
"114","2006","7","Maharashtra","Akola","559.0"
"114","2007","7","Maharashtra","Akola","557.0"
"114","2008","7","Maharashtra","Akola","678.0"
"114","2009","7","Maharashtra","Akola","791.0"
"114","2010","7","Maharashtra","Akola","800.0"
"114","2011","7","Maharashtra","Akola","1041.0"
"114","2012","7","Maharashtra","Akola","1134.0"
"114","2013","7","Maharashtra","Akola","1149.0"
"114","2014","7","Maharashtra","Akola","1318.0"
"114","2015","7","Maharashtra","Akola","1324.0"
"114","2016","7","Maharashtra","Akola","1486.0"
"115","1966","7","Maharashtra","Amarawati","68.9"
"115","1967","7","Maharashtra","Amarawati","68.3"
"115","1968","7","Maharashtra","Amarawati","65.9"
"115","1969","7","Maharashtra","Amarawati","-1.0"
"115","1970","7","Maharashtra","Amarawati","60.4"
"115","1971","7","Maharashtra","Amarawati","72.2"
"115","1972","7","Maharashtra","Amarawati","93.3"
"115","1973","7","Maharashtra","Amarawati","170.8"
"115","1974","7","Maharashtra","Amarawati","175.5"
"115","1975","7","Maharashtra","Amarawati","175.2"
"115","1976","7","Maharashtra","Amarawati","109.0"
"115","1977","7","Maharashtra","Amarawati","103.7"
"115","1978","7","Maharashtra","Amarawati","106.4"
"115","1979","7","Maharashtra","Amarawati","111.6"
"115","1980","7","Maharashtra","Amarawati","158.6"
"115","1981","7","Maharashtra","Amarawati","130.2"
"115","1982","7","Maharashtra","Amarawati","156.5"
"115","1983","7","Maharashtra","Amarawati","155.0"
"115","1984","7","Maharashtra","Amarawati","157.3"
"115","1985","7","Maharashtra","Amarawati","134.5"
"115","1986","7","Maharashtra","Amarawati","137.7"
"115","1987","7","Maharashtra","Amarawati","138.5"
"115","1988","7","Maharashtra","Amarawati","147.9"
"115","1989","7","Maharashtra","Amarawati","170.3"
"115","1990","7","Maharashtra","Amarawati","175.0"
"115","1991","7","Maharashtra","Amarawati","301.0"
"115","1992","7","Maharashtra","Amarawati","229.0"
"115","1993","7","Maharashtra","Amarawati","243.0"
"115","1994","7","Maharashtra","Amarawati","302.0"
"115","1995","7","Maharashtra","Amarawati","302.0"
"115","1996","7","Maharashtra","Amarawati","373.0"
"115","1997","7","Maharashtra","Amarawati","423.0"
"115","1998","7","Maharashtra","Amarawati","443.0"
"115","1999","7","Maharashtra","Amarawati","473.0"
"115","2000","7","Maharashtra","Amarawati","501.0"
"115","2001","7","Maharashtra","Amarawati","522.0"
"115","2002","7","Maharashtra","Amarawati","561.0"
"115","2003","7","Maharashtra","Amarawati","515.0"
"115","2004","7","Maharashtra","Amarawati","545.0"
"115","2005","7","Maharashtra","Amarawati","391.0"
"115","2006","7","Maharashtra","Amarawati","577.0"
"115","2007","7","Maharashtra","Amarawati","615.0"
"115","2008","7","Maharashtra","Amarawati","718.0"
"115","2009","7","Maharashtra","Amarawati","856.0"
"115","2010","7","Maharashtra","Amarawati","855.0"
"115","2011","7","Maharashtra","Amarawati","1081.0"
"115","2012","7","Maharashtra","Amarawati","1142.0"
"115","2013","7","Maharashtra","Amarawati","1262.0"
"115","2014","7","Maharashtra","Amarawati","1496.0"
"115","2015","7","Maharashtra","Amarawati","1446.0"
"115","2016","7","Maharashtra","Amarawati","1547.0"
"116","1966","7","Maharashtra","Yeotmal","59.0"
"116","1967","7","Maharashtra","Yeotmal","60.7"
"116","1968","7","Maharashtra","Yeotmal","66.4"
"116","1969","7","Maharashtra","Yeotmal","62.3"
"116","1970","7","Maharashtra","Yeotmal","71.3"
"116","1971","7","Maharashtra","Yeotmal","77.4"
"116","1972","7","Maharashtra","Yeotmal","121.8"
"116","1973","7","Maharashtra","Yeotmal","97.9"
"116","1974","7","Maharashtra","Yeotmal","150.0"
"116","1975","7","Maharashtra","Yeotmal","121.3"
"116","1976","7","Maharashtra","Yeotmal","106.0"
"116","1977","7","Maharashtra","Yeotmal","91.0"
"116","1978","7","Maharashtra","Yeotmal","110.0"
"116","1979","7","Maharashtra","Yeotmal","113.9"
"116","1980","7","Maharashtra","Yeotmal","155.0"
"116","1981","7","Maharashtra","Yeotmal","132.5"
"116","1982","7","Maharashtra","Yeotmal","135.7"
"116","1983","7","Maharashtra","Yeotmal","138.3"
"116","1984","7","Maharashtra","Yeotmal","137.5"
"116","1985","7","Maharashtra","Yeotmal","130.0"
"116","1986","7","Maharashtra","Yeotmal","138.1"
"116","1987","7","Maharashtra","Yeotmal","135.3"
"116","1988","7","Maharashtra","Yeotmal","156.6"
"116","1989","7","Maharashtra","Yeotmal","153.5"
"116","1990","7","Maharashtra","Yeotmal","165.0"
"116","1991","7","Maharashtra","Yeotmal","296.0"
"116","1992","7","Maharashtra","Yeotmal","244.0"
"116","1993","7","Maharashtra","Yeotmal","281.0"
"116","1994","7","Maharashtra","Yeotmal","299.0"
"116","1995","7","Maharashtra","Yeotmal","399.0"
"116","1996","7","Maharashtra","Yeotmal","378.0"
"116","1997","7","Maharashtra","Yeotmal","394.0"
"116","1998","7","Maharashtra","Yeotmal","400.0"
"116","1999","7","Maharashtra","Yeotmal","454.0"
"116","2000","7","Maharashtra","Yeotmal","493.0"
"116","2001","7","Maharashtra","Yeotmal","526.0"
"116","2002","7","Maharashtra","Yeotmal","505.0"
"116","2003","7","Maharashtra","Yeotmal","535.0"
"116","2004","7","Maharashtra","Yeotmal","465.0"
"116","2005","7","Maharashtra","Yeotmal","594.0"
"116","2006","7","Maharashtra","Yeotmal","581.0"
"116","2007","7","Maharashtra","Yeotmal","578.0"
"116","2008","7","Maharashtra","Yeotmal","674.0"
"116","2009","7","Maharashtra","Yeotmal","834.0"
"116","2010","7","Maharashtra","Yeotmal","839.0"
"116","2011","7","Maharashtra","Yeotmal","1030.0"
"116","2012","7","Maharashtra","Yeotmal","1105.0"
"116","2013","7","Maharashtra","Yeotmal","1288.0"
"116","2014","7","Maharashtra","Yeotmal","893.0"
"116","2015","7","Maharashtra","Yeotmal","1184.0"
"116","2016","7","Maharashtra","Yeotmal","1584.0"
"117","1966","7","Maharashtra","Wardha","60.6"
"117","1967","7","Maharashtra","Wardha","55.5"
"117","1968","7","Maharashtra","Wardha","-1.0"
"117","1969","7","Maharashtra","Wardha","55.0"
"117","1970","7","Maharashtra","Wardha","56.0"
"117","1971","7","Maharashtra","Wardha","61.8"
"117","1972","7","Maharashtra","Wardha","88.6"
"117","1973","7","Maharashtra","Wardha","140.3"
"117","1974","7","Maharashtra","Wardha","-1.0"
"117","1975","7","Maharashtra","Wardha","120.6"
"117","1976","7","Maharashtra","Wardha","82.0"
"117","1977","7","Maharashtra","Wardha","105.0"
"117","1978","7","Maharashtra","Wardha","108.0"
"117","1979","7","Maharashtra","Wardha","108.5"
"117","1980","7","Maharashtra","Wardha","143.3"
"117","1981","7","Maharashtra","Wardha","128.3"
"117","1982","7","Maharashtra","Wardha","133.0"
"117","1983","7","Maharashtra","Wardha","135.1"
"117","1984","7","Maharashtra","Wardha","135.0"
"117","1985","7","Maharashtra","Wardha","123.3"
"117","1986","7","Maharashtra","Wardha","133.6"
"117","1987","7","Maharashtra","Wardha","131.5"
"117","1988","7","Maharashtra","Wardha","135.7"
"117","1989","7","Maharashtra","Wardha","141.3"
"117","1990","7","Maharashtra","Wardha","163.0"
"117","1991","7","Maharashtra","Wardha","336.0"
"117","1992","7","Maharashtra","Wardha","219.0"
"117","1993","7","Maharashtra","Wardha","249.0"
"117","1994","7","Maharashtra","Wardha","270.0"
"117","1995","7","Maharashtra","Wardha","270.0"
"117","1996","7","Maharashtra","Wardha","330.0"
"117","1997","7","Maharashtra","Wardha","383.0"
"117","1998","7","Maharashtra","Wardha","411.0"
"117","1999","7","Maharashtra","Wardha","475.0"
"117","2000","7","Maharashtra","Wardha","484.0"
"117","2001","7","Maharashtra","Wardha","500.0"
"117","2002","7","Maharashtra","Wardha","515.0"
"117","2003","7","Maharashtra","Wardha","536.0"
"117","2004","7","Maharashtra","Wardha","468.0"
"117","2005","7","Maharashtra","Wardha","655.0"
"117","2006","7","Maharashtra","Wardha","540.0"
"117","2007","7","Maharashtra","Wardha","597.0"
"117","2008","7","Maharashtra","Wardha","702.0"
"117","2009","7","Maharashtra","Wardha","791.0"
"117","2010","7","Maharashtra","Wardha","795.0"
"117","2011","7","Maharashtra","Wardha","961.0"
"117","2012","7","Maharashtra","Wardha","1104.0"
"117","2013","7","Maharashtra","Wardha","1135.0"
"117","2014","7","Maharashtra","Wardha","1390.0"
"117","2015","7","Maharashtra","Wardha","1359.0"
"117","2016","7","Maharashtra","Wardha","1420.0"
"118","1966","7","Maharashtra","Nagpur","55.0"
"118","1967","7","Maharashtra","Nagpur","56.0"
"118","1968","7","Maharashtra","Nagpur","55.0"
"118","1969","7","Maharashtra","Nagpur","52.0"
"118","1970","7","Maharashtra","Nagpur","52.0"
"118","1971","7","Maharashtra","Nagpur","52.0"
"118","1972","7","Maharashtra","Nagpur","103.0"
"118","1973","7","Maharashtra","Nagpur","158.1"
"118","1974","7","Maharashtra","Nagpur","165.0"
"118","1975","7","Maharashtra","Nagpur","115.1"
"118","1976","7","Maharashtra","Nagpur","103.0"
"118","1977","7","Maharashtra","Nagpur","102.0"
"118","1978","7","Maharashtra","Nagpur","105.0"
"118","1979","7","Maharashtra","Nagpur","113.3"
"118","1980","7","Maharashtra","Nagpur","144.8"
"118","1981","7","Maharashtra","Nagpur","130.4"
"118","1982","7","Maharashtra","Nagpur","134.6"
"118","1983","7","Maharashtra","Nagpur","125.3"
"118","1984","7","Maharashtra","Nagpur","133.8"
"118","1985","7","Maharashtra","Nagpur","123.0"
"118","1986","7","Maharashtra","Nagpur","130.0"
"118","1987","7","Maharashtra","Nagpur","131.0"
"118","1988","7","Maharashtra","Nagpur","136.1"
"118","1989","7","Maharashtra","Nagpur","171.4"
"118","1990","7","Maharashtra","Nagpur","189.0"
"118","1991","7","Maharashtra","Nagpur","368.0"
"118","1992","7","Maharashtra","Nagpur","228.0"
"118","1993","7","Maharashtra","Nagpur","271.0"
"118","1994","7","Maharashtra","Nagpur","296.0"
"118","1995","7","Maharashtra","Nagpur","396.0"
"118","1996","7","Maharashtra","Nagpur","354.0"
"118","1997","7","Maharashtra","Nagpur","413.0"
"118","1998","7","Maharashtra","Nagpur","411.0"
"118","1999","7","Maharashtra","Nagpur","488.0"
"118","2000","7","Maharashtra","Nagpur","486.0"
"118","2001","7","Maharashtra","Nagpur","498.0"
"118","2002","7","Maharashtra","Nagpur","482.0"
"118","2003","7","Maharashtra","Nagpur","466.0"
"118","2004","7","Maharashtra","Nagpur","472.0"
"118","2005","7","Maharashtra","Nagpur","447.0"
"118","2006","7","Maharashtra","Nagpur","588.0"
"118","2007","7","Maharashtra","Nagpur","666.0"
"118","2008","7","Maharashtra","Nagpur","736.0"
"118","2009","7","Maharashtra","Nagpur","879.0"
"118","2010","7","Maharashtra","Nagpur","854.0"
"118","2011","7","Maharashtra","Nagpur","915.0"
"118","2012","7","Maharashtra","Nagpur","1245.0"
"118","2013","7","Maharashtra","Nagpur","1542.0"
"118","2014","7","Maharashtra","Nagpur","1428.0"
"118","2015","7","Maharashtra","Nagpur","1344.0"
"118","2016","7","Maharashtra","Nagpur","1733.0"
"119","1966","7","Maharashtra","Bhandara","71.0"
"119","1967","7","Maharashtra","Bhandara","67.8"
"119","1968","7","Maharashtra","Bhandara","72.0"
"119","1969","7","Maharashtra","Bhandara","68.5"
"119","1970","7","Maharashtra","Bhandara","73.6"
"119","1971","7","Maharashtra","Bhandara","90.3"
"119","1972","7","Maharashtra","Bhandara","106.9"
"119","1973","7","Maharashtra","Bhandara","140.5"
"119","1974","7","Maharashtra","Bhandara","182.9"
"119","1975","7","Maharashtra","Bhandara","118.2"
"119","1976","7","Maharashtra","Bhandara","108.0"
"119","1977","7","Maharashtra","Bhandara","103.0"
"119","1978","7","Maharashtra","Bhandara","102.3"
"119","1979","7","Maharashtra","Bhandara","110.9"
"119","1980","7","Maharashtra","Bhandara","160.0"
"119","1981","7","Maharashtra","Bhandara","136.6"
"119","1982","7","Maharashtra","Bhandara","145.0"
"119","1983","7","Maharashtra","Bhandara","142.6"
"119","1984","7","Maharashtra","Bhandara","144.3"
"119","1985","7","Maharashtra","Bhandara","140.5"
"119","1986","7","Maharashtra","Bhandara","142.1"
"119","1987","7","Maharashtra","Bhandara","145.6"
"119","1988","7","Maharashtra","Bhandara","148.3"
"119","1989","7","Maharashtra","Bhandara","168.8"
"119","1990","7","Maharashtra","Bhandara","181.0"
"119","1991","7","Maharashtra","Bhandara","392.0"
"119","1992","7","Maharashtra","Bhandara","309.0"
"119","1993","7","Maharashtra","Bhandara","301.0"
"119","1994","7","Maharashtra","Bhandara","310.0"
"119","1995","7","Maharashtra","Bhandara","310.0"
"119","1996","7","Maharashtra","Bhandara","368.0"
"119","1997","7","Maharashtra","Bhandara","403.0"
"119","1998","7","Maharashtra","Bhandara","414.0"
"119","1999","7","Maharashtra","Bhandara","481.0"
"119","2000","7","Maharashtra","Bhandara","488.0"
"119","2001","7","Maharashtra","Bhandara","500.0"
"119","2002","7","Maharashtra","Bhandara","498.0"
"119","2003","7","Maharashtra","Bhandara","500.0"
"119","2004","7","Maharashtra","Bhandara","507.0"
"119","2005","7","Maharashtra","Bhandara","254.0"
"119","2006","7","Maharashtra","Bhandara","580.0"
"119","2007","7","Maharashtra","Bhandara","-1.0"
"119","2008","7","Maharashtra","Bhandara","890.0"
"119","2009","7","Maharashtra","Bhandara","957.0"
"119","2010","7","Maharashtra","Bhandara","-1.0"
"119","2011","7","Maharashtra","Bhandara","-1.0"
"119","2012","7","Maharashtra","Bhandara","-1.0"
"119","2013","7","Maharashtra","Bhandara","-1.0"
"119","2014","7","Maharashtra","Bhandara","-1.0"
"119","2015","7","Maharashtra","Bhandara","-1.0"
"119","2016","7","Maharashtra","Bhandara","-1.0"
"120","1966","7","Maharashtra","Chandrapur","62.7"
"120","1967","7","Maharashtra","Chandrapur","62.7"
"120","1968","7","Maharashtra","Chandrapur","61.8"
"120","1969","7","Maharashtra","Chandrapur","62.0"
"120","1970","7","Maharashtra","Chandrapur","58.0"
"120","1971","7","Maharashtra","Chandrapur","58.5"
"120","1972","7","Maharashtra","Chandrapur","54.0"
"120","1973","7","Maharashtra","Chandrapur","147.1"
"120","1974","7","Maharashtra","Chandrapur","154.0"
"120","1975","7","Maharashtra","Chandrapur","114.8"
"120","1976","7","Maharashtra","Chandrapur","115.0"
"120","1977","7","Maharashtra","Chandrapur","98.0"
"120","1978","7","Maharashtra","Chandrapur","97.7"
"120","1979","7","Maharashtra","Chandrapur","110.0"
"120","1980","7","Maharashtra","Chandrapur","130.0"
"120","1981","7","Maharashtra","Chandrapur","138.0"
"120","1982","7","Maharashtra","Chandrapur","146.6"
"120","1983","7","Maharashtra","Chandrapur","149.3"
"120","1984","7","Maharashtra","Chandrapur","150.0"
"120","1985","7","Maharashtra","Chandrapur","134.5"
"120","1986","7","Maharashtra","Chandrapur","138.2"
"120","1987","7","Maharashtra","Chandrapur","140.3"
"120","1988","7","Maharashtra","Chandrapur","145.9"
"120","1989","7","Maharashtra","Chandrapur","145.5"
"120","1990","7","Maharashtra","Chandrapur","201.0"
"120","1991","7","Maharashtra","Chandrapur","286.0"
"120","1992","7","Maharashtra","Chandrapur","276.0"
"120","1993","7","Maharashtra","Chandrapur","271.0"
"120","1994","7","Maharashtra","Chandrapur","292.0"
"120","1995","7","Maharashtra","Chandrapur","292.0"
"120","1996","7","Maharashtra","Chandrapur","358.0"
"120","1997","7","Maharashtra","Chandrapur","423.0"
"120","1998","7","Maharashtra","Chandrapur","416.0"
"120","1999","7","Maharashtra","Chandrapur","490.0"
"120","2000","7","Maharashtra","Chandrapur","494.0"
"120","2001","7","Maharashtra","Chandrapur","502.0"
"120","2002","7","Maharashtra","Chandrapur","525.0"
"120","2003","7","Maharashtra","Chandrapur","501.0"
"120","2004","7","Maharashtra","Chandrapur","523.0"
"120","2005","7","Maharashtra","Chandrapur","483.0"
"120","2006","7","Maharashtra","Chandrapur","593.0"
"120","2007","7","Maharashtra","Chandrapur","604.0"
"120","2008","7","Maharashtra","Chandrapur","832.0"
"120","2009","7","Maharashtra","Chandrapur","854.0"
"120","2010","7","Maharashtra","Chandrapur","932.0"
"120","2011","7","Maharashtra","Chandrapur","1000.0"
"120","2012","7","Maharashtra","Chandrapur","1050.0"
"120","2013","7","Maharashtra","Chandrapur","1347.0"
"120","2014","7","Maharashtra","Chandrapur","1353.0"
"120","2015","7","Maharashtra","Chandrapur","1350.0"
"120","2016","7","Maharashtra","Chandrapur","1860.0"