"Dist Code","Year","State Code","State Name","Dist Name","NITROGEN RABI CONSUMPTION (tons)","PHOSPHATE RABI CONSUMPTION (tons)","POTASH RABI CONSUMPTION (tons)","TOTAL RABI CONSUMPTION (tons)"
"95","1990","7","Maharashtra","Bombay","-1.0","-1.0","-1.0","-1.0"
"95","1991","7","Maharashtra","Bombay","-1.0","-1.0","-1.0","-1.0"
"95","1992","7","Maharashtra","Bombay","-1.0","-1.0","-1.0","-1.0"
"95","1993","7","Maharashtra","Bombay","-1.0","-1.0","-1.0","-1.0"
"95","1994","7","Maharashtra","Bombay","-1.0","-1.0","-1.0","-1.0"
"95","1995","7","Maharashtra","Bombay","-1.0","-1.0","-1.0","-1.0"
"95","1996","7","Maharashtra","Bombay","-1.0","-1.0","-1.0","-1.0"
"95","1997","7","Maharashtra","Bombay","-1.0","-1.0","-1.0","-1.0"
"95","1998","7","Maharashtra","Bombay","-1.0","-1.0","-1.0","-1.0"
"95","1999","7","Maharashtra","Bombay","-1.0","-1.0","-1.0","-1.0"
"95","2000","7","Maharashtra","Bombay","-1.0","-1.0","-1.0","-1.0"
"95","2001","7","Maharashtra","Bombay","-1.0","-1.0","-1.0","-1.0"
"95","2002","7","Maharashtra","Bombay","-1.0","-1.0","-1.0","-1.0"
"95","2003","7","Maharashtra","Bombay","-1.0","-1.0","-1.0","-1.0"
"95","2004","7","Maharashtra","Bombay","-1.0","-1.0","-1.0","-1.0"
"95","2005","7","Maharashtra","Bombay","-1.0","-1.0","-1.0","-1.0"
"95","2006","7","Maharashtra","Bombay","-1.0","-1.0","-1.0","-1.0"
"95","2007","7","Maharashtra","Bombay","-1.0","-1.0","-1.0","-1.0"
"95","2008","7","Maharashtra","Bombay","-1.0","-1.0","-1.0","-1.0"
"95","2011","7","Maharashtra","Bombay","15321.0","5988.0","860.0","22169.0"
"96","1990","7","Maharashtra","Thane","2963.0","763.0","1048.0","4774.0"
"96","1991","7","Maharashtra","Thane","4029.0","1300.0","1298.0","6627.0"
"96","1992","7","Maharashtra","Thane","4029.0","1300.0","1298.0","6627.0"
"96","1993","7","Maharashtra","Thane","2971.0","605.0","471.0","4047.0"
"96","1994","7","Maharashtra","Thane","2905.0","1177.0","403.0","4485.0"
"96","1995","7","Maharashtra","Thane","2754.0","698.0","1010.0","4462.0"
"96","1996","7","Maharashtra","Thane","3482.0","1888.0","819.0","6189.0"
"96","1997","7","Maharashtra","Thane","3754.0","1231.0","646.0","5631.0"
"96","1998","7","Maharashtra","Thane","-1.0","-1.0","-1.0","-1.0"
"96","1999","7","Maharashtra","Thane","-1.0","-1.0","-1.0","-1.0"
"96","2000","7","Maharashtra","Thane","4467.0","1272.0","894.0","6633.0"
"96","2001","7","Maharashtra","Thane","4840.0","1311.0","998.0","7149.0"
"96","2002","7","Maharashtra","Thane","4425.0","1434.0","1264.0","7123.0"
"96","2003","7","Maharashtra","Thane","4922.0","1685.0","1194.0","7801.0"
"96","2004","7","Maharashtra","Thane","5008.0","1303.0","1286.0","7597.0"
"96","2005","7","Maharashtra","Thane","5350.0","1377.0","1560.0","8287.0"
"96","2006","7","Maharashtra","Thane","5876.0","1310.0","1639.0","8825.0"
"96","2007","7","Maharashtra","Thane","6216.0","1141.0","1667.0","9024.0"
"96","2008","7","Maharashtra","Thane","5467.0","1043.0","862.0","7372.0"
"96","2009","7","Maharashtra","Thane","4821.0","1086.0","920.0","6827.0"
"96","2010","7","Maharashtra","Thane","3209.0","1193.0","738.0","5140.0"
"96","2011","7","Maharashtra","Thane","4390.0","1465.0","887.0","6742.0"
"96","2012","7","Maharashtra","Thane","4172.0","1078.0","936.0","6186.0"
"96","2013","7","Maharashtra","Thane","4886.0","1642.0","1223.0","7751.0"
"96","2014","7","Maharashtra","Thane","5906.0","1528.0","1255.0","8689.0"
"96","2015","7","Maharashtra","Thane","5233.0","1686.0","1187.0","8106.0"
"96","2016","7","Maharashtra","Thane","4714.0","1684.0","1319.0","7717.0"
"96","2017","7","Maharashtra","Thane","4551.0","1806.0","1365.0","7722.0"
"97","1990","7","Maharashtra","Raigad","4242.0","1862.0","1706.0","7810.0"
"97","1991","7","Maharashtra","Raigad","4125.0","1842.0","1552.0","7519.0"
"97","1992","7","Maharashtra","Raigad","4125.0","1842.0","1552.0","7519.0"
"97","1993","7","Maharashtra","Raigad","3611.0","1563.0","1135.0","6309.0"
"97","1994","7","Maharashtra","Raigad","3206.0","1092.0","500.0","4798.0"
"97","1995","7","Maharashtra","Raigad","1242.0","556.0","306.0","2104.0"
"97","1996","7","Maharashtra","Raigad","4380.0","1916.0","468.0","6764.0"
"97","1997","7","Maharashtra","Raigad","5913.0","2717.0","1128.0","9758.0"
"97","1998","7","Maharashtra","Raigad","-1.0","-1.0","-1.0","-1.0"
"97","1999","7","Maharashtra","Raigad","-1.0","-1.0","-1.0","-1.0"
"97","2000","7","Maharashtra","Raigad","3466.0","1510.0","1243.0","6219.0"
"97","2001","7","Maharashtra","Raigad","3604.0","1505.0","814.0","5923.0"
"97","2002","7","Maharashtra","Raigad","3486.0","1626.0","354.0","5466.0"
"97","2003","7","Maharashtra","Raigad","2600.0","478.0","363.0","3441.0"
"97","2004","7","Maharashtra","Raigad","2689.0","578.0","374.0","3641.0"
"97","2005","7","Maharashtra","Raigad","2651.0","507.0","390.0","3548.0"
"97","2006","7","Maharashtra","Raigad","2912.0","482.0","410.0","3804.0"
"97","2007","7","Maharashtra","Raigad","2474.0","1159.0","1005.0","4638.0"
"97","2008","7","Maharashtra","Raigad","2189.0","843.0","518.0","3550.0"
"97","2009","7","Maharashtra","Raigad","2170.0","342.0","596.0","3108.0"
"97","2010","7","Maharashtra","Raigad","2396.0","1569.0","1182.0","5147.0"
"97","2011","7","Maharashtra","Raigad","2373.0","636.0","428.0","3437.0"
"97","2012","7","Maharashtra","Raigad","2103.0","1076.0","754.0","3933.0"
"97","2013","7","Maharashtra","Raigad","2614.0","1886.0","791.0","5291.0"
"97","2014","7","Maharashtra","Raigad","3424.0","1161.0","635.0","5220.0"
"97","2015","7","Maharashtra","Raigad","2712.0","651.0","489.0","3852.0"
"97","2016","7","Maharashtra","Raigad","2034.0","937.0","712.0","3683.0"
"97","2017","7","Maharashtra","Raigad","858.0","426.0","769.0","2053.0"
"98","1990","7","Maharashtra","Ratnagiri","1072.0","421.0","320.0","1813.0"
"98","1991","7","Maharashtra","Ratnagiri","823.0","420.0","372.0","1615.0"
"98","1992","7","Maharashtra","Ratnagiri","823.0","420.0","372.0","1615.0"
"98","1993","7","Maharashtra","Ratnagiri","806.0","362.0","184.0","1352.0"
"98","1994","7","Maharashtra","Ratnagiri","731.0","343.0","202.0","1276.0"
"98","1995","7","Maharashtra","Ratnagiri","648.0","441.0","321.0","1410.0"
"98","1996","7","Maharashtra","Ratnagiri","772.0","339.0","195.0","1306.0"
"98","1997","7","Maharashtra","Ratnagiri","564.0","397.0","269.0","1230.0"
"98","1998","7","Maharashtra","Ratnagiri","-1.0","-1.0","-1.0","-1.0"
"98","1999","7","Maharashtra","Ratnagiri","-1.0","-1.0","-1.0","-1.0"
"98","2000","7","Maharashtra","Ratnagiri","1812.0","585.0","468.0","2865.0"
"98","2001","7","Maharashtra","Ratnagiri","2108.0","479.0","339.0","2926.0"
"98","2002","7","Maharashtra","Ratnagiri","1872.0","407.0","334.0","2613.0"
"98","2003","7","Maharashtra","Ratnagiri","1278.0","304.0","182.0","1764.0"
"98","2004","7","Maharashtra","Ratnagiri","578.0","267.0","196.0","1041.0"
"98","2005","7","Maharashtra","Ratnagiri","666.0","284.0","261.0","1211.0"
"98","2006","7","Maharashtra","Ratnagiri","731.0","271.0","274.0","1276.0"
"98","2007","7","Maharashtra","Ratnagiri","1364.0","242.0","228.0","1834.0"
"98","2008","7","Maharashtra","Ratnagiri","727.0","476.0","336.0","1539.0"
"98","2009","7","Maharashtra","Ratnagiri","1024.0","2182.0","477.0","3683.0"
"98","2010","7","Maharashtra","Ratnagiri","1162.0","835.0","381.0","2378.0"
"98","2011","7","Maharashtra","Ratnagiri","1403.0","1071.0","570.0","3044.0"
"98","2012","7","Maharashtra","Ratnagiri","549.0","328.0","272.0","1149.0"
"98","2013","7","Maharashtra","Ratnagiri","1304.0","508.0","454.0","2266.0"
"98","2014","7","Maharashtra","Ratnagiri","966.0","338.0","383.0","1687.0"
"98","2015","7","Maharashtra","Ratnagiri","2956.0","1706.0","897.0","5559.0"
"98","2016","7","Maharashtra","Ratnagiri","1121.0","974.0","557.0","2652.0"
"98","2017","7","Maharashtra","Ratnagiri","693.0","335.0","244.0","1272.0"
"99","1990","7","Maharashtra","Nasik","16234.0","7731.0","5221.0","29186.0"
"99","1991","7","Maharashtra","Nasik","14664.0","8274.0","2990.0","25928.0"
"99","1992","7","Maharashtra","Nasik","14664.0","8274.0","2990.0","25928.0"
"99","1993","7","Maharashtra","Nasik","22363.0","7516.0","2013.0","31892.0"
"99","1994","7","Maharashtra","Nasik","24650.0","10771.0","2796.0","38217.0"
"99","1995","7","Maharashtra","Nasik","19553.0","7705.0","2755.0","30013.0"
"99","1996","7","Maharashtra","Nasik","23852.0","8497.0","2542.0","34891.0"
"99","1997","7","Maharashtra","Nasik","27672.0","10904.0","2400.0","40976.0"
"99","1998","7","Maharashtra","Nasik","-1.0","-1.0","-1.0","-1.0"
"99","1999","7","Maharashtra","Nasik","-1.0","-1.0","-1.0","-1.0"
"99","2000","7","Maharashtra","Nasik","26243.0","13220.0","4081.0","43544.0"
"99","2001","7","Maharashtra","Nasik","25179.0","12508.0","4280.0","41967.0"
"99","2002","7","Maharashtra","Nasik","23516.0","13349.0","3917.0","40782.0"
"99","2003","7","Maharashtra","Nasik","29635.0","19088.0","5486.0","54209.0"
"99","2004","7","Maharashtra","Nasik","35604.0","24444.0","7422.0","67470.0"
"99","2005","7","Maharashtra","Nasik","35416.0","23377.0","10328.0","69121.0"
"99","2006","7","Maharashtra","Nasik","38898.0","22243.0","10856.0","71997.0"
"99","2007","7","Maharashtra","Nasik","35344.0","18819.0","11690.0","65853.0"
"99","2008","7","Maharashtra","Nasik","40471.0","25961.0","9970.0","76402.0"
"99","2009","7","Maharashtra","Nasik","39386.0","21551.0","14578.0","75515.0"
"99","2010","7","Maharashtra","Nasik","42737.0","23508.0","12370.0","78615.0"
"99","2011","7","Maharashtra","Nasik","36728.0","26259.0","11605.0","74592.0"
"99","2012","7","Maharashtra","Nasik","32265.0","17113.0","9736.0","59114.0"
"99","2013","7","Maharashtra","Nasik","39487.0","25126.0","11905.0","76518.0"
"99","2014","7","Maharashtra","Nasik","43945.0","23302.0","11793.0","79040.0"
"99","2015","7","Maharashtra","Nasik","34075.0","26470.0","13207.0","73752.0"
"99","2016","7","Maharashtra","Nasik","42310.0","27356.0","13552.0","83218.0"
"99","2017","7","Maharashtra","Nasik","46240.0","34408.0","19165.0","99813.0"
"100","1990","7","Maharashtra","Dhule","7714.0","4885.0","2918.0","15517.0"
"100","1991","7","Maharashtra","Dhule","8988.0","5101.0","3180.0","17269.0"
"100","1992","7","Maharashtra","Dhule","8988.0","5101.0","3180.0","17269.0"
"100","1993","7","Maharashtra","Dhule","13319.0","3827.0","1449.0","18595.0"
"100","1994","7","Maharashtra","Dhule","16280.0","6133.0","3232.0","25645.0"
"100","1995","7","Maharashtra","Dhule","10504.0","3500.0","1913.0","15917.0"
"100","1996","7","Maharashtra","Dhule","12668.0","4038.0","1370.0","18076.0"
"100","1997","7","Maharashtra","Dhule","15173.0","5548.0","2116.0","22837.0"
"100","1998","7","Maharashtra","Dhule","-1.0","-1.0","-1.0","-1.0"
"100","1999","7","Maharashtra","Dhule","-1.0","-1.0","-1.0","-1.0"
"100","2000","7","Maharashtra","Dhule","11050.0","3617.0","3063.0","17730.0"
"100","2001","7","Maharashtra","Dhule","15605.0","4822.0","3262.0","23689.0"
"100","2002","7","Maharashtra","Dhule","16205.0","3761.0","2524.0","22490.0"
"100","2003","7","Maharashtra","Dhule","15115.0","4360.0","2742.0","22217.0"
"100","2004","7","Maharashtra","Dhule","19894.0","6240.0","3105.0","29239.0"
"100","2005","7","Maharashtra","Dhule","17310.0","7977.0","5562.0","30849.0"
"100","2006","7","Maharashtra","Dhule","19012.0","7590.0","5847.0","32449.0"
"100","2007","7","Maharashtra","Dhule","25170.0","6804.0","6803.0","38777.0"
"100","2008","7","Maharashtra","Dhule","23164.0","8902.0","5245.0","37311.0"
"100","2009","7","Maharashtra","Dhule","28554.0","11145.0","12026.0","51725.0"
"100","2010","7","Maharashtra","Dhule","32186.0","11035.0","11570.0","54791.0"
"100","2011","7","Maharashtra","Dhule","24063.0","12849.0","10422.0","47334.0"
"100","2012","7","Maharashtra","Dhule","29234.0","9681.0","7941.0","46856.0"
"100","2013","7","Maharashtra","Dhule","30377.0","12679.0","7560.0","50616.0"
"100","2014","7","Maharashtra","Dhule","31535.0","10157.0","8960.0","50652.0"
"100","2015","7","Maharashtra","Dhule","30612.0","15073.0","12251.0","57936.0"
"100","2016","7","Maharashtra","Dhule","29616.0","12300.0","8753.0","50669.0"
"100","2017","7","Maharashtra","Dhule","23009.0","12037.0","8850.0","43896.0"
"101","1990","7","Maharashtra","Jalgaon","25436.0","15757.0","9878.0","51071.0"
"101","1991","7","Maharashtra","Jalgaon","22895.0","10571.0","11441.0","44907.0"
"101","1992","7","Maharashtra","Jalgaon","22895.0","10571.0","11441.0","44907.0"
"101","1993","7","Maharashtra","Jalgaon","25831.0","9770.0","7243.0","42844.0"
"101","1994","7","Maharashtra","Jalgaon","29965.0","14268.0","8755.0","52988.0"
"101","1995","7","Maharashtra","Jalgaon","24812.0","10238.0","8123.0","43173.0"
"101","1996","7","Maharashtra","Jalgaon","26070.0","13969.0","6912.0","46951.0"
"101","1997","7","Maharashtra","Jalgaon","24706.0","14551.0","10332.0","49589.0"
"101","1998","7","Maharashtra","Jalgaon","-1.0","-1.0","-1.0","-1.0"
"101","1999","7","Maharashtra","Jalgaon","-1.0","-1.0","-1.0","-1.0"
"101","2000","7","Maharashtra","Jalgaon","25064.0","12616.0","10637.0","48317.0"
"101","2001","7","Maharashtra","Jalgaon","17357.0","7816.0","10852.0","36025.0"
"101","2002","7","Maharashtra","Jalgaon","26369.0","13232.0","11430.0","51031.0"
"101","2003","7","Maharashtra","Jalgaon","23975.0","11363.0","10057.0","45395.0"
"101","2004","7","Maharashtra","Jalgaon","25298.0","14427.0","12060.0","51785.0"
"101","2005","7","Maharashtra","Jalgaon","21918.0","14677.0","16537.0","53132.0"
"101","2006","7","Maharashtra","Jalgaon","24072.0","13966.0","17384.0","55422.0"
"101","2007","7","Maharashtra","Jalgaon","31580.0","16258.0","21469.0","69307.0"
"101","2008","7","Maharashtra","Jalgaon","37142.0","20410.0","21715.0","79267.0"
"101","2009","7","Maharashtra","Jalgaon","46218.0","22380.0","30473.0","99071.0"
"101","2010","7","Maharashtra","Jalgaon","76824.0","37008.0","45302.0","159134.0"
"101","2011","7","Maharashtra","Jalgaon","32729.0","19153.0","27103.0","78985.0"
"101","2012","7","Maharashtra","Jalgaon","31993.0","13605.0","15362.0","60960.0"
"101","2013","7","Maharashtra","Jalgaon","41755.0","19770.0","18908.0","80433.0"
"101","2014","7","Maharashtra","Jalgaon","50493.0","16816.0","20604.0","87913.0"
"101","2015","7","Maharashtra","Jalgaon","32112.0","20488.0","25769.0","78369.0"
"101","2016","7","Maharashtra","Jalgaon","43359.0","22647.0","23895.0","89901.0"
"101","2017","7","Maharashtra","Jalgaon","32380.0","19209.0","19915.0","71504.0"
"102","1990","7","Maharashtra","Ahmednagar","26597.0","13613.0","6282.0","46492.0"
"102","1991","7","Maharashtra","Ahmednagar","25387.0","11467.0","5129.0","41983.0"
"102","1992","7","Maharashtra","Ahmednagar","25387.0","11467.0","5129.0","41983.0"
"102","1993","7","Maharashtra","Ahmednagar","33316.0","11960.0","3482.0","48758.0"
"102","1994","7","Maharashtra","Ahmednagar","31597.0","13106.0","6025.0","50728.0"
"102","1995","7","Maharashtra","Ahmednagar","21607.0","8660.0","3619.0","33886.0"
"102","1996","7","Maharashtra","Ahmednagar","31666.0","9697.0","4192.0","45555.0"
"102","1997","7","Maharashtra","Ahmednagar","33157.0","13639.0","5236.0","52032.0"
"102","1998","7","Maharashtra","Ahmednagar","-1.0","-1.0","-1.0","-1.0"
"102","1999","7","Maharashtra","Ahmednagar","-1.0","-1.0","-1.0","-1.0"
"102","2000","7","Maharashtra","Ahmednagar","29399.0","15481.0","7780.0","52660.0"
"102","2001","7","Maharashtra","Ahmednagar","37623.0","19118.0","10859.0","67600.0"
"102","2002","7","Maharashtra","Ahmednagar","22800.0","11721.0","8212.0","42733.0"
"102","2003","7","Maharashtra","Ahmednagar","20885.0","14533.0","8136.0","43554.0"
"102","2004","7","Maharashtra","Ahmednagar","38701.0","21944.0","12099.0","72744.0"
"102","2005","7","Maharashtra","Ahmednagar","44985.0","26535.0","17263.0","88783.0"
"102","2006","7","Maharashtra","Ahmednagar","49407.0","25248.0","18147.0","92802.0"
"102","2007","7","Maharashtra","Ahmednagar","37257.0","21669.0","14489.0","73415.0"
"102","2008","7","Maharashtra","Ahmednagar","46543.0","31228.0","15289.0","93060.0"
"102","2009","7","Maharashtra","Ahmednagar","45207.0","33457.0","23475.0","102139.0"
"102","2010","7","Maharashtra","Ahmednagar","50060.0","33731.0","25287.0","109078.0"
"102","2011","7","Maharashtra","Ahmednagar","41595.0","27993.0","17439.0","87027.0"
"102","2012","7","Maharashtra","Ahmednagar","30932.0","20499.0","10430.0","61861.0"
"102","2013","7","Maharashtra","Ahmednagar","45606.0","29578.0","17806.0","92990.0"
"102","2014","7","Maharashtra","Ahmednagar","45771.0","24035.0","16034.0","85840.0"
"102","2015","7","Maharashtra","Ahmednagar","30643.0","28049.0","16712.0","75404.0"
"102","2016","7","Maharashtra","Ahmednagar","55356.0","33904.0","19520.0","108780.0"
"102","2017","7","Maharashtra","Ahmednagar","54876.0","39102.0","24368.0","118346.0"
"103","1990","7","Maharashtra","Pune","21673.0","11815.0","5741.0","39229.0"
"103","1991","7","Maharashtra","Pune","19009.0","8853.0","5873.0","33735.0"
"103","1992","7","Maharashtra","Pune","19009.0","8853.0","5873.0","33735.0"
"103","1993","7","Maharashtra","Pune","28239.0","9725.0","4402.0","42366.0"
"103","1994","7","Maharashtra","Pune","23469.0","8182.0","4259.0","35910.0"
"103","1995","7","Maharashtra","Pune","24135.0","8671.0","3918.0","36724.0"
"103","1996","7","Maharashtra","Pune","27103.0","8501.0","3369.0","38973.0"
"103","1997","7","Maharashtra","Pune","28447.0","12276.0","4956.0","45679.0"
"103","1998","7","Maharashtra","Pune","-1.0","-1.0","-1.0","-1.0"
"103","1999","7","Maharashtra","Pune","-1.0","-1.0","-1.0","-1.0"
"103","2000","7","Maharashtra","Pune","30988.0","13150.0","7746.0","51884.0"
"103","2001","7","Maharashtra","Pune","32365.0","15790.0","8784.0","56939.0"
"103","2002","7","Maharashtra","Pune","26531.0","14180.0","7217.0","47928.0"
"103","2003","7","Maharashtra","Pune","24922.0","13825.0","6957.0","45704.0"
"103","2004","7","Maharashtra","Pune","38758.0","19890.0","11332.0","69980.0"
"103","2005","7","Maharashtra","Pune","36377.0","21225.0","14679.0","72281.0"
"103","2006","7","Maharashtra","Pune","39953.0","20196.0","15430.0","75579.0"
"103","2007","7","Maharashtra","Pune","35403.0","16111.0","15010.0","66524.0"
"103","2008","7","Maharashtra","Pune","48363.0","26817.0","18467.0","93647.0"
"103","2009","7","Maharashtra","Pune","48556.0","31885.0","25947.0","106388.0"
"103","2010","7","Maharashtra","Pune","47195.0","25519.0","20887.0","93601.0"
"103","2011","7","Maharashtra","Pune","50490.0","32862.0","20404.0","103756.0"
"103","2012","7","Maharashtra","Pune","40976.0","21283.0","15320.0","77579.0"
"103","2013","7","Maharashtra","Pune","53638.0","30283.0","21670.0","105591.0"
"103","2014","7","Maharashtra","Pune","53128.0","24543.0","20829.0","98500.0"
"103","2015","7","Maharashtra","Pune","44257.0","29894.0","17105.0","91256.0"
"103","2016","7","Maharashtra","Pune","52366.0","25458.0","18856.0","96680.0"
"103","2017","7","Maharashtra","Pune","52718.0","28575.0","19821.0","101114.0"
"104","1990","7","Maharashtra","Satara","13700.0","6982.0","4734.0","25416.0"
"104","1991","7","Maharashtra","Satara","17609.0","7649.0","5544.0","30802.0"
"104","1992","7","Maharashtra","Satara","17609.0","7649.0","5544.0","30802.0"
"104","1993","7","Maharashtra","Satara","19738.0","5476.0","3832.0","29046.0"
"104","1994","7","Maharashtra","Satara","17045.0","5778.0","3936.0","26759.0"
"104","1995","7","Maharashtra","Satara","13082.0","4165.0","2962.0","20209.0"
"104","1996","7","Maharashtra","Satara","16459.0","3921.0","2478.0","22858.0"
"104","1997","7","Maharashtra","Satara","15960.0","5943.0","4213.0","26116.0"
"104","1998","7","Maharashtra","Satara","-1.0","-1.0","-1.0","-1.0"
"104","1999","7","Maharashtra","Satara","-1.0","-1.0","-1.0","-1.0"
"104","2000","7","Maharashtra","Satara","13776.0","6070.0","5280.0","25126.0"
"104","2001","7","Maharashtra","Satara","18738.0","7623.0","6086.0","32447.0"
"104","2002","7","Maharashtra","Satara","12464.0","5094.0","3943.0","21501.0"
"104","2003","7","Maharashtra","Satara","9103.0","3188.0","2053.0","14344.0"
"104","2004","7","Maharashtra","Satara","17190.0","8310.0","5637.0","31137.0"
"104","2005","7","Maharashtra","Satara","21399.0","10765.0","9061.0","41225.0"
"104","2006","7","Maharashtra","Satara","23503.0","10243.0","9525.0","43271.0"
"104","2007","7","Maharashtra","Satara","18439.0","6843.0","7477.0","32759.0"
"104","2008","7","Maharashtra","Satara","30256.0","15738.0","18281.0","64275.0"
"104","2009","7","Maharashtra","Satara","28443.0","16110.0","13401.0","57954.0"
"104","2010","7","Maharashtra","Satara","24725.0","14411.0","12418.0","51554.0"
"104","2011","7","Maharashtra","Satara","28584.0","15551.0","11402.0","55537.0"
"104","2012","7","Maharashtra","Satara","22209.0","9870.0","8879.0","40958.0"
"104","2013","7","Maharashtra","Satara","24604.0","12875.0","10827.0","48306.0"
"104","2014","7","Maharashtra","Satara","26080.0","12753.0","10754.0","49587.0"
"104","2015","7","Maharashtra","Satara","21694.0","10878.0","8827.0","41399.0"
"104","2016","7","Maharashtra","Satara","28067.0","12113.0","9641.0","49821.0"
"104","2017","7","Maharashtra","Satara","25966.0","14366.0","10695.0","51027.0"
"105","1990","7","Maharashtra","Sangli","19309.0","9404.0","9687.0","38400.0"
"105","1991","7","Maharashtra","Sangli","25313.0","11464.0","9959.0","46736.0"
"105","1992","7","Maharashtra","Sangli","25313.0","11464.0","9959.0","46736.0"
"105","1993","7","Maharashtra","Sangli","23526.0","8369.0","6560.0","38455.0"
"105","1994","7","Maharashtra","Sangli","20584.0","8122.0","8455.0","37161.0"
"105","1995","7","Maharashtra","Sangli","21669.0","7120.0","6661.0","35450.0"
"105","1996","7","Maharashtra","Sangli","15440.0","3732.0","5019.0","24191.0"
"105","1997","7","Maharashtra","Sangli","14694.0","4912.0","8269.0","27875.0"
"105","1998","7","Maharashtra","Sangli","-1.0","-1.0","-1.0","-1.0"
"105","1999","7","Maharashtra","Sangli","-1.0","-1.0","-1.0","-1.0"
"105","2000","7","Maharashtra","Sangli","20026.0","9799.0","8492.0","38317.0"
"105","2001","7","Maharashtra","Sangli","23299.0","10364.0","13784.0","47447.0"
"105","2002","7","Maharashtra","Sangli","12192.0","5590.0","9220.0","27002.0"
"105","2003","7","Maharashtra","Sangli","12501.0","4750.0","6909.0","24160.0"
"105","2004","7","Maharashtra","Sangli","23704.0","13377.0","14627.0","51708.0"
"105","2005","7","Maharashtra","Sangli","26553.0","16228.0","19492.0","62273.0"
"105","2006","7","Maharashtra","Sangli","29163.0","15441.0","20490.0","65094.0"
"105","2007","7","Maharashtra","Sangli","28646.0","19791.0","21881.0","70318.0"
"105","2008","7","Maharashtra","Sangli","34825.0","16368.0","18761.0","69954.0"
"105","2009","7","Maharashtra","Sangli","39544.0","19671.0","17436.0","76651.0"
"105","2010","7","Maharashtra","Sangli","39919.0","23394.0","17342.0","80655.0"
"105","2011","7","Maharashtra","Sangli","34146.0","17782.0","16811.0","68739.0"
"105","2012","7","Maharashtra","Sangli","28826.0","15492.0","12344.0","56662.0"
"105","2013","7","Maharashtra","Sangli","27511.0","13830.0","10553.0","51894.0"
"105","2014","7","Maharashtra","Sangli","32265.0","14858.0","12292.0","59415.0"
"105","2015","7","Maharashtra","Sangli","23163.0","14472.0","11388.0","49023.0"
"105","2016","7","Maharashtra","Sangli","28998.0","16017.0","13139.0","58154.0"
"105","2017","7","Maharashtra","Sangli","30441.0","14841.0","11459.0","56741.0"
"106","1990","7","Maharashtra","Solapur","16564.0","7207.0","5020.0","28791.0"
"106","1991","7","Maharashtra","Solapur","19286.0","8448.0","5743.0","33477.0"
"106","1992","7","Maharashtra","Solapur","19286.0","8448.0","5743.0","33477.0"
"106","1993","7","Maharashtra","Solapur","21433.0","7773.0","4449.0","33655.0"
"106","1994","7","Maharashtra","Solapur","25635.0","11729.0","6801.0","44165.0"
"106","1995","7","Maharashtra","Solapur","21089.0","8694.0","4073.0","33856.0"
"106","1996","7","Maharashtra","Solapur","20972.0","5657.0","2578.0","29207.0"
"106","1997","7","Maharashtra","Solapur","26568.0","10712.0","5748.0","43028.0"
"106","1998","7","Maharashtra","Solapur","-1.0","-1.0","-1.0","-1.0"
"106","1999","7","Maharashtra","Solapur","-1.0","-1.0","-1.0","-1.0"
"106","2000","7","Maharashtra","Solapur","27665.0","11329.0","7286.0","46280.0"
"106","2001","7","Maharashtra","Solapur","31313.0","12279.0","6912.0","50504.0"
"106","2002","7","Maharashtra","Solapur","22705.0","8808.0","5610.0","37123.0"
"106","2003","7","Maharashtra","Solapur","11041.0","5055.0","2436.0","18532.0"
"106","2004","7","Maharashtra","Solapur","33864.0","17558.0","10038.0","61460.0"
"106","2005","7","Maharashtra","Solapur","30915.0","18678.0","14729.0","64322.0"
"106","2006","7","Maharashtra","Solapur","33954.0","17772.0","15483.0","67209.0"
"106","2007","7","Maharashtra","Solapur","31268.0","17133.0","14029.0","62430.0"
"106","2008","7","Maharashtra","Solapur","43221.0","23320.0","19793.0","86334.0"
"106","2009","7","Maharashtra","Solapur","50610.0","36466.0","29166.0","116242.0"
"106","2010","7","Maharashtra","Solapur","44438.0","27779.0","24380.0","96597.0"
"106","2011","7","Maharashtra","Solapur","57784.0","30332.0","25185.0","113301.0"
"106","2012","7","Maharashtra","Solapur","36672.0","18561.0","14149.0","69382.0"
"106","2013","7","Maharashtra","Solapur","55652.0","31444.0","24792.0","111888.0"
"106","2014","7","Maharashtra","Solapur","51159.0","20434.0","18131.0","89724.0"
"106","2015","7","Maharashtra","Solapur","26131.0","15212.0","12144.0","53487.0"
"106","2016","7","Maharashtra","Solapur","56121.0","23370.0","19059.0","98550.0"
"106","2017","7","Maharashtra","Solapur","57103.0","25788.0","17515.0","100406.0"
"107","1990","7","Maharashtra","Kolhapur","21910.0","10097.0","9856.0","41863.0"
"107","1991","7","Maharashtra","Kolhapur","26170.0","11829.0","11014.0","49013.0"
"107","1992","7","Maharashtra","Kolhapur","26170.0","11829.0","11014.0","49013.0"
"107","1993","7","Maharashtra","Kolhapur","24009.0","9781.0","8258.0","42048.0"
"107","1994","7","Maharashtra","Kolhapur","25921.0","9625.0","9320.0","44866.0"
"107","1995","7","Maharashtra","Kolhapur","22510.0","10674.0","10340.0","43524.0"
"107","1996","7","Maharashtra","Kolhapur","22954.0","8928.0","8366.0","40248.0"
"107","1997","7","Maharashtra","Kolhapur","29830.0","10736.0","11192.0","51758.0"
"107","1998","7","Maharashtra","Kolhapur","-1.0","-1.0","-1.0","-1.0"
"107","1999","7","Maharashtra","Kolhapur","-1.0","-1.0","-1.0","-1.0"
"107","2000","7","Maharashtra","Kolhapur","26863.0","12988.0","11454.0","51305.0"
"107","2001","7","Maharashtra","Kolhapur","24314.0","13184.0","10703.0","48201.0"
"107","2002","7","Maharashtra","Kolhapur","19158.0","7902.0","8423.0","35483.0"
"107","2003","7","Maharashtra","Kolhapur","19665.0","9319.0","8482.0","37466.0"
"107","2004","7","Maharashtra","Kolhapur","27189.0","13954.0","11812.0","52955.0"
"107","2005","7","Maharashtra","Kolhapur","24988.0","12745.0","14344.0","52077.0"
"107","2006","7","Maharashtra","Kolhapur","27444.0","12127.0","15078.0","54649.0"
"107","2007","7","Maharashtra","Kolhapur","25548.0","15203.0","11950.0","52701.0"
"107","2008","7","Maharashtra","Kolhapur","18680.0","9983.0","7638.0","36301.0"
"107","2009","7","Maharashtra","Kolhapur","29548.0","17209.0","18589.0","65346.0"
"107","2010","7","Maharashtra","Kolhapur","30241.0","16725.0","18508.0","65474.0"
"107","2011","7","Maharashtra","Kolhapur","36319.0","21066.0","20453.0","77838.0"
"107","2012","7","Maharashtra","Kolhapur","31492.0","14820.0","12653.0","58965.0"
"107","2013","7","Maharashtra","Kolhapur","34877.0","17159.0","14222.0","66258.0"
"107","2014","7","Maharashtra","Kolhapur","40526.0","18916.0","16156.0","75598.0"
"107","2015","7","Maharashtra","Kolhapur","32011.0","16921.0","14424.0","63356.0"
"107","2016","7","Maharashtra","Kolhapur","41250.0","21800.0","18934.0","81984.0"
"107","2017","7","Maharashtra","Kolhapur","39349.0","19208.0","16366.0","74923.0"
"108","1990","7","Maharashtra","Aurangabad","15401.0","8979.0","4001.0","28381.0"
"108","1991","7","Maharashtra","Aurangabad","12340.0","9330.0","3250.0","24920.0"
"108","1992","7","Maharashtra","Aurangabad","12340.0","9330.0","3250.0","24920.0"
"108","1993","7","Maharashtra","Aurangabad","15538.0","6637.0","1049.0","23224.0"
"108","1994","7","Maharashtra","Aurangabad","16758.0","8729.0","2132.0","27619.0"
"108","1995","7","Maharashtra","Aurangabad","11103.0","8930.0","4757.0","24790.0"
"108","1996","7","Maharashtra","Aurangabad","15086.0","5265.0","1328.0","21679.0"
"108","1997","7","Maharashtra","Aurangabad","14473.0","8789.0","2719.0","25981.0"
"108","1998","7","Maharashtra","Aurangabad","-1.0","-1.0","-1.0","-1.0"
"108","1999","7","Maharashtra","Aurangabad","-1.0","-1.0","-1.0","-1.0"
"108","2000","7","Maharashtra","Aurangabad","29644.0","17919.0","7450.0","55013.0"
"108","2001","7","Maharashtra","Aurangabad","28492.0","16888.0","8597.0","53977.0"
"108","2002","7","Maharashtra","Aurangabad","33084.0","18973.0","8571.0","60628.0"
"108","2003","7","Maharashtra","Aurangabad","22676.0","13494.0","1243.0","37413.0"
"108","2004","7","Maharashtra","Aurangabad","25735.0","20099.0","12034.0","57868.0"
"108","2005","7","Maharashtra","Aurangabad","34767.0","27125.0","19128.0","81020.0"
"108","2006","7","Maharashtra","Aurangabad","38185.0","25809.0","20107.0","84101.0"
"108","2007","7","Maharashtra","Aurangabad","33506.0","17927.0","11463.0","62896.0"
"108","2008","7","Maharashtra","Aurangabad","41406.0","28675.0","19128.0","89209.0"
"108","2009","7","Maharashtra","Aurangabad","47103.0","33285.0","33464.0","113852.0"
"108","2010","7","Maharashtra","Aurangabad","88374.0","46804.0","39136.0","174314.0"
"108","2011","7","Maharashtra","Aurangabad","62811.0","48407.0","25058.0","136276.0"
"108","2012","7","Maharashtra","Aurangabad","33118.0","20983.0","11514.0","65615.0"
"108","2013","7","Maharashtra","Aurangabad","59963.0","34831.0","15377.0","110171.0"
"108","2014","7","Maharashtra","Aurangabad","47833.0","21487.0","14359.0","83679.0"
"108","2015","7","Maharashtra","Aurangabad","61108.0","40712.0","20344.0","122164.0"
"108","2016","7","Maharashtra","Aurangabad","60444.0","37271.0","20579.0","118294.0"
"108","2017","7","Maharashtra","Aurangabad","36654.0","24450.0","13158.0","74262.0"
"109","1990","7","Maharashtra","Parbhani","6400.0","5044.0","1354.0","12798.0"
"109","1991","7","Maharashtra","Parbhani","5780.0","2789.0","959.0","9528.0"
"109","1992","7","Maharashtra","Parbhani","5780.0","2789.0","959.0","9528.0"
"109","1993","7","Maharashtra","Parbhani","7092.0","2813.0","728.0","10633.0"
"109","1994","7","Maharashtra","Parbhani","4737.0","3081.0","1222.0","9040.0"
"109","1995","7","Maharashtra","Parbhani","5914.0","3768.0","1590.0","11272.0"
"109","1996","7","Maharashtra","Parbhani","7546.0","3373.0","657.0","11576.0"
"109","1997","7","Maharashtra","Parbhani","8356.0","4215.0","1247.0","13818.0"
"109","1998","7","Maharashtra","Parbhani","-1.0","-1.0","-1.0","-1.0"
"109","1999","7","Maharashtra","Parbhani","-1.0","-1.0","-1.0","-1.0"
"109","2000","7","Maharashtra","Parbhani","14226.0","5696.0","2413.0","22335.0"
"109","2001","7","Maharashtra","Parbhani","15034.0","6320.0","3110.0","24464.0"
"109","2002","7","Maharashtra","Parbhani","14993.0","7640.0","2150.0","24783.0"
"109","2003","7","Maharashtra","Parbhani","11228.0","6476.0","1683.0","19387.0"
"109","2004","7","Maharashtra","Parbhani","6558.0","3888.0","1086.0","11532.0"
"109","2005","7","Maharashtra","Parbhani","14096.0","9153.0","3522.0","26771.0"
"109","2006","7","Maharashtra","Parbhani","15483.0","8709.0","3702.0","27894.0"
"109","2007","7","Maharashtra","Parbhani","13600.0","6134.0","3290.0","23024.0"
"109","2008","7","Maharashtra","Parbhani","12317.0","8185.0","4723.0","25225.0"
"109","2009","7","Maharashtra","Parbhani","11717.0","7120.0","6460.0","25297.0"
"109","2010","7","Maharashtra","Parbhani","23872.0","17276.0","9793.0","50941.0"
"109","2011","7","Maharashtra","Parbhani","24901.0","15437.0","7523.0","47861.0"
"109","2012","7","Maharashtra","Parbhani","20217.0","12283.0","4869.0","37369.0"
"109","2013","7","Maharashtra","Parbhani","25899.0","14795.0","6228.0","46922.0"
"109","2014","7","Maharashtra","Parbhani","14913.0","9003.0","5758.0","29674.0"
"109","2015","7","Maharashtra","Parbhani","17606.0","17318.0","6979.0","41903.0"
"109","2016","7","Maharashtra","Parbhani","18941.0","13240.0","5436.0","37617.0"
"109","2017","7","Maharashtra","Parbhani","18065.0","14947.0","4899.0","37911.0"
"110","1990","7","Maharashtra","Beed","5727.0","5608.0","1075.0","12410.0"
"110","1991","7","Maharashtra","Beed","3775.0","2420.0","544.0","6739.0"
"110","1992","7","Maharashtra","Beed","3775.0","2420.0","544.0","6739.0"
"110","1993","7","Maharashtra","Beed","7260.0","2738.0","633.0","10631.0"
"110","1994","7","Maharashtra","Beed","10307.0","4826.0","1519.0","16652.0"
"110","1995","7","Maharashtra","Beed","5261.0","3298.0","3256.0","11815.0"
"110","1996","7","Maharashtra","Beed","4783.0","1825.0","464.0","7072.0"
"110","1997","7","Maharashtra","Beed","5975.0","3018.0","687.0","9680.0"
"110","1998","7","Maharashtra","Beed","-1.0","-1.0","-1.0","-1.0"
"110","1999","7","Maharashtra","Beed","-1.0","-1.0","-1.0","-1.0"
"110","2000","7","Maharashtra","Beed","11732.0","5690.0","2830.0","20252.0"
"110","2001","7","Maharashtra","Beed","9905.0","4804.0","1893.0","16602.0"
"110","2002","7","Maharashtra","Beed","7193.0","3445.0","889.0","11527.0"
"110","2003","7","Maharashtra","Beed","6520.0","4564.0","957.0","12041.0"
"110","2004","7","Maharashtra","Beed","5925.0","4914.0","2013.0","12852.0"
"110","2005","7","Maharashtra","Beed","11504.0","7400.0","4729.0","23633.0"
"110","2006","7","Maharashtra","Beed","12635.0","7041.0","4971.0","24647.0"
"110","2007","7","Maharashtra","Beed","10126.0","3921.0","3223.0","17270.0"
"110","2008","7","Maharashtra","Beed","13629.0","7764.0","5348.0","26741.0"
"110","2009","7","Maharashtra","Beed","17476.0","11764.0","9167.0","38407.0"
"110","2010","7","Maharashtra","Beed","25175.0","14811.0","12118.0","52104.0"
"110","2011","7","Maharashtra","Beed","23810.0","14493.0","8626.0","46929.0"
"110","2012","7","Maharashtra","Beed","13040.0","7797.0","4643.0","25480.0"
"110","2013","7","Maharashtra","Beed","20701.0","12716.0","6241.0","39658.0"
"110","2014","7","Maharashtra","Beed","12529.0","6590.0","4098.0","23217.0"
"110","2015","7","Maharashtra","Beed","16389.0","14596.0","5373.0","36358.0"
"110","2016","7","Maharashtra","Beed","25616.0","18533.0","9072.0","53221.0"
"110","2017","7","Maharashtra","Beed","22803.0","17620.0","9661.0","50084.0"
"111","1990","7","Maharashtra","Nanded","15767.0","9956.0","5110.0","30833.0"
"111","1991","7","Maharashtra","Nanded","11340.0","5699.0","5265.0","22304.0"
"111","1992","7","Maharashtra","Nanded","11340.0","5699.0","5265.0","22304.0"
"111","1993","7","Maharashtra","Nanded","12664.0","7536.0","1991.0","22191.0"
"111","1994","7","Maharashtra","Nanded","12423.0","8632.0","2330.0","23385.0"
"111","1995","7","Maharashtra","Nanded","16776.0","12532.0","5717.0","35025.0"
"111","1996","7","Maharashtra","Nanded","17940.0","3589.0","1457.0","22986.0"
"111","1997","7","Maharashtra","Nanded","23469.0","11625.0","7873.0","42967.0"
"111","1998","7","Maharashtra","Nanded","-1.0","-1.0","-1.0","-1.0"
"111","1999","7","Maharashtra","Nanded","-1.0","-1.0","-1.0","-1.0"
"111","2000","7","Maharashtra","Nanded","27411.0","16923.0","6402.0","50736.0"
"111","2001","7","Maharashtra","Nanded","27624.0","18258.0","9320.0","55202.0"
"111","2002","7","Maharashtra","Nanded","20759.0","15818.0","10024.0","46601.0"
"111","2003","7","Maharashtra","Nanded","21401.0","17062.0","3691.0","42154.0"
"111","2004","7","Maharashtra","Nanded","18119.0","15438.0","9875.0","43432.0"
"111","2005","7","Maharashtra","Nanded","31551.0","23698.0","13408.0","68657.0"
"111","2006","7","Maharashtra","Nanded","34653.0","22549.0","14094.0","71296.0"
"111","2007","7","Maharashtra","Nanded","24230.0","15855.0","8565.0","48650.0"
"111","2008","7","Maharashtra","Nanded","26731.0","23890.0","16044.0","66665.0"
"111","2009","7","Maharashtra","Nanded","18168.0","12554.0","17789.0","48511.0"
"111","2010","7","Maharashtra","Nanded","41433.0","28238.0","14197.0","83868.0"
"111","2011","7","Maharashtra","Nanded","38694.0","32723.0","14322.0","85739.0"
"111","2012","7","Maharashtra","Nanded","27241.0","23624.0","8685.0","59550.0"
"111","2013","7","Maharashtra","Nanded","31550.0","17566.0","8529.0","57645.0"
"111","2014","7","Maharashtra","Nanded","37136.0","20636.0","14885.0","72657.0"
"111","2015","7","Maharashtra","Nanded","44308.0","36270.0","12312.0","92890.0"
"111","2016","7","Maharashtra","Nanded","44090.0","29314.0","13767.0","87171.0"
"111","2017","7","Maharashtra","Nanded","23238.0","24289.0","10363.0","57890.0"
"112","1990","7","Maharashtra","Osmanabad","10421.0","8146.0","2728.0","21295.0"
"112","1991","7","Maharashtra","Osmanabad","5888.0","3793.0","1243.0","10924.0"
"112","1992","7","Maharashtra","Osmanabad","5888.0","3793.0","1243.0","10924.0"
"112","1993","7","Maharashtra","Osmanabad","11422.0","5629.0","1020.0","18071.0"
"112","1994","7","Maharashtra","Osmanabad","5440.0","5467.0","1608.0","12515.0"
"112","1995","7","Maharashtra","Osmanabad","12895.0","11560.0","4961.0","29416.0"
"112","1996","7","Maharashtra","Osmanabad","11913.0","5131.0","1752.0","18796.0"
"112","1997","7","Maharashtra","Osmanabad","9030.0","5363.0","1743.0","16136.0"
"112","1998","7","Maharashtra","Osmanabad","-1.0","-1.0","-1.0","-1.0"
"112","1999","7","Maharashtra","Osmanabad","-1.0","-1.0","-1.0","-1.0"
"112","2000","7","Maharashtra","Osmanabad","15081.0","11403.0","7352.0","33836.0"
"112","2001","7","Maharashtra","Osmanabad","12418.0","8746.0","2169.0","23333.0"
"112","2002","7","Maharashtra","Osmanabad","7744.0","4591.0","2712.0","15047.0"
"112","2003","7","Maharashtra","Osmanabad","8897.0","7743.0","1133.0","17773.0"
"112","2004","7","Maharashtra","Osmanabad","8523.0","7686.0","2352.0","18561.0"
"112","2005","7","Maharashtra","Osmanabad","17406.0","16839.0","7258.0","41503.0"
"112","2006","7","Maharashtra","Osmanabad","19117.0","16022.0","7630.0","42769.0"
"112","2007","7","Maharashtra","Osmanabad","11140.0","5911.0","2970.0","20021.0"
"112","2008","7","Maharashtra","Osmanabad","17807.0","11183.0","5612.0","34602.0"
"112","2009","7","Maharashtra","Osmanabad","18866.0","13132.0","8506.0","40504.0"
"112","2010","7","Maharashtra","Osmanabad","26112.0","20540.0","11551.0","58203.0"
"112","2011","7","Maharashtra","Osmanabad","34255.0","30831.0","9838.0","74924.0"
"112","2012","7","Maharashtra","Osmanabad","20320.0","15388.0","4129.0","39837.0"
"112","2013","7","Maharashtra","Osmanabad","26804.0","18206.0","6192.0","51202.0"
"112","2014","7","Maharashtra","Osmanabad","17170.0","13463.0","5387.0","36020.0"
"112","2015","7","Maharashtra","Osmanabad","12156.0","15736.0","4232.0","32124.0"
"112","2016","7","Maharashtra","Osmanabad","26088.0","18300.0","6775.0","51163.0"
"112","2017","7","Maharashtra","Osmanabad","28237.0","23065.0","9270.0","60572.0"
"113","1990","7","Maharashtra","Buldhana","8081.0","4898.0","999.0","13978.0"
"113","1991","7","Maharashtra","Buldhana","5146.0","2627.0","492.0","8265.0"
"113","1992","7","Maharashtra","Buldhana","5146.0","2627.0","492.0","8265.0"
"113","1993","7","Maharashtra","Buldhana","8253.0","4202.0","794.0","13249.0"
"113","1994","7","Maharashtra","Buldhana","10528.0","5115.0","990.0","16633.0"
"113","1995","7","Maharashtra","Buldhana","12289.0","9227.0","2013.0","23529.0"
"113","1996","7","Maharashtra","Buldhana","9313.0","3936.0","1205.0","14454.0"
"113","1997","7","Maharashtra","Buldhana","9071.0","3406.0","191.0","12668.0"
"113","1998","7","Maharashtra","Buldhana","-1.0","-1.0","-1.0","-1.0"
"113","1999","7","Maharashtra","Buldhana","-1.0","-1.0","-1.0","-1.0"
"113","2000","7","Maharashtra","Buldhana","7511.0","7068.0","518.0","15097.0"
"113","2001","7","Maharashtra","Buldhana","13181.0","6434.0","292.0","19907.0"
"113","2002","7","Maharashtra","Buldhana","17626.0","9080.0","2536.0","29242.0"
"113","2003","7","Maharashtra","Buldhana","9534.0","5859.0","498.0","15891.0"
"113","2004","7","Maharashtra","Buldhana","6617.0","6088.0","1234.0","13939.0"
"113","2005","7","Maharashtra","Buldhana","10457.0","9573.0","2865.0","22895.0"
"113","2006","7","Maharashtra","Buldhana","11485.0","9109.0","3012.0","23606.0"
"113","2007","7","Maharashtra","Buldhana","11299.0","8127.0","4057.0","23483.0"
"113","2008","7","Maharashtra","Buldhana","11638.0","11265.0","5438.0","28341.0"
"113","2009","7","Maharashtra","Buldhana","19521.0","16998.0","8188.0","44707.0"
"113","2010","7","Maharashtra","Buldhana","31431.0","23344.0","14035.0","68810.0"
"113","2011","7","Maharashtra","Buldhana","20265.0","18355.0","7247.0","45867.0"
"113","2012","7","Maharashtra","Buldhana","16315.0","15861.0","4326.0","36502.0"
"113","2013","7","Maharashtra","Buldhana","26768.0","18863.0","5859.0","51490.0"
"113","2014","7","Maharashtra","Buldhana","25850.0","22427.0","9947.0","58224.0"
"113","2015","7","Maharashtra","Buldhana","22385.0","24230.0","7596.0","54211.0"
"113","2016","7","Maharashtra","Buldhana","21995.0","19675.0","6165.0","47835.0"
"113","2017","7","Maharashtra","Buldhana","14659.0","17725.0","5316.0","37700.0"
"114","1990","7","Maharashtra","Akola","7793.0","5317.0","1161.0","14271.0"
"114","1991","7","Maharashtra","Akola","4254.0","3413.0","1300.0","8967.0"
"114","1992","7","Maharashtra","Akola","4254.0","3413.0","1300.0","8967.0"
"114","1993","7","Maharashtra","Akola","6627.0","2699.0","373.0","9699.0"
"114","1994","7","Maharashtra","Akola","11061.0","7182.0","1642.0","19885.0"
"114","1995","7","Maharashtra","Akola","10705.0","7783.0","506.0","18994.0"
"114","1996","7","Maharashtra","Akola","12070.0","4698.0","1178.0","17946.0"
"114","1997","7","Maharashtra","Akola","12494.0","6889.0","2497.0","21880.0"
"114","1998","7","Maharashtra","Akola","-1.0","-1.0","-1.0","-1.0"
"114","1999","7","Maharashtra","Akola","-1.0","-1.0","-1.0","-1.0"
"114","2000","7","Maharashtra","Akola","11472.0","9422.0","2190.0","23084.0"
"114","2001","7","Maharashtra","Akola","15864.0","10890.0","2566.0","29320.0"
"114","2002","7","Maharashtra","Akola","12100.0","9418.0","2306.0","23824.0"
"114","2003","7","Maharashtra","Akola","11717.0","9410.0","1786.0","22913.0"
"114","2004","7","Maharashtra","Akola","8028.0","8768.0","3566.0","20362.0"
"114","2005","7","Maharashtra","Akola","12329.0","10850.0","3003.0","26182.0"
"114","2006","7","Maharashtra","Akola","13541.0","10323.0","3157.0","27021.0"
"114","2007","7","Maharashtra","Akola","19083.0","13097.0","5657.0","37837.0"
"114","2008","7","Maharashtra","Akola","10189.0","12494.0","3961.0","26644.0"
"114","2009","7","Maharashtra","Akola","12331.0","10309.0","5043.0","27683.0"
"114","2010","7","Maharashtra","Akola","21969.0","13837.0","5875.0","41681.0"
"114","2011","7","Maharashtra","Akola","16556.0","17676.0","4590.0","38822.0"
"114","2012","7","Maharashtra","Akola","18884.0","13469.0","3333.0","35686.0"
"114","2013","7","Maharashtra","Akola","21572.0","19492.0","2621.0","43685.0"
"114","2014","7","Maharashtra","Akola","17220.0","10585.0","4828.0","32633.0"
"114","2015","7","Maharashtra","Akola","18603.0","20470.0","6443.0","45516.0"
"114","2016","7","Maharashtra","Akola","15074.0","12566.0","3346.0","30986.0"
"114","2017","7","Maharashtra","Akola","10509.0","11020.0","3355.0","24884.0"
"115","1990","7","Maharashtra","Amarawati","7201.0","5639.0","1642.0","14482.0"
"115","1991","7","Maharashtra","Amarawati","5201.0","5143.0","2191.0","12535.0"
"115","1992","7","Maharashtra","Amarawati","5201.0","5143.0","2191.0","12535.0"
"115","1993","7","Maharashtra","Amarawati","9181.0","1692.0","603.0","11476.0"
"115","1994","7","Maharashtra","Amarawati","11163.0","5503.0","2841.0","19507.0"
"115","1995","7","Maharashtra","Amarawati","7049.0","6085.0","707.0","13841.0"
"115","1996","7","Maharashtra","Amarawati","11822.0","3873.0","2722.0","18417.0"
"115","1997","7","Maharashtra","Amarawati","9135.0","5569.0","643.0","15347.0"
"115","1998","7","Maharashtra","Amarawati","-1.0","-1.0","-1.0","-1.0"
"115","1999","7","Maharashtra","Amarawati","-1.0","-1.0","-1.0","-1.0"
"115","2000","7","Maharashtra","Amarawati","8066.0","5441.0","1823.0","15330.0"
"115","2001","7","Maharashtra","Amarawati","5855.0","3464.0","441.0","9760.0"
"115","2002","7","Maharashtra","Amarawati","9272.0","6207.0","2805.0","18284.0"
"115","2003","7","Maharashtra","Amarawati","7713.0","7329.0","1066.0","16108.0"
"115","2004","7","Maharashtra","Amarawati","8497.0","6685.0","1732.0","16914.0"
"115","2005","7","Maharashtra","Amarawati","8121.0","6645.0","3620.0","18386.0"
"115","2006","7","Maharashtra","Amarawati","8919.0","6323.0","3805.0","19047.0"
"115","2007","7","Maharashtra","Amarawati","15015.0","8180.0","3593.0","26788.0"
"115","2008","7","Maharashtra","Amarawati","12886.0","11896.0","5350.0","30132.0"
"115","2009","7","Maharashtra","Amarawati","12969.0","7535.0","6605.0","27109.0"
"115","2010","7","Maharashtra","Amarawati","21196.0","14469.0","5365.0","41030.0"
"115","2011","7","Maharashtra","Amarawati","18989.0","16873.0","9347.0","45209.0"
"115","2012","7","Maharashtra","Amarawati","17605.0","10827.0","4804.0","33236.0"
"115","2013","7","Maharashtra","Amarawati","17096.0","8526.0","2699.0","28321.0"
"115","2014","7","Maharashtra","Amarawati","18875.0","8745.0","5124.0","32744.0"
"115","2015","7","Maharashtra","Amarawati","16283.0","13394.0","5348.0","35025.0"
"115","2016","7","Maharashtra","Amarawati","12366.0","10431.0","4381.0","27178.0"
"115","2017","7","Maharashtra","Amarawati","13409.0","10934.0","4727.0","29070.0"
"116","1990","7","Maharashtra","Yeotmal","5110.0","3508.0","1616.0","10234.0"
"116","1991","7","Maharashtra","Yeotmal","2866.0","2336.0","1520.0","6722.0"
"116","1992","7","Maharashtra","Yeotmal","866.0","2336.0","1520.0","4722.0"
"116","1993","7","Maharashtra","Yeotmal","5273.0","1872.0","695.0","7840.0"
"116","1994","7","Maharashtra","Yeotmal","8117.0","3013.0","1377.0","12507.0"
"116","1995","7","Maharashtra","Yeotmal","7405.0","3086.0","1951.0","12442.0"
"116","1996","7","Maharashtra","Yeotmal","6224.0","2750.0","1418.0","10392.0"
"116","1997","7","Maharashtra","Yeotmal","8545.0","4442.0","1703.0","14690.0"
"116","1998","7","Maharashtra","Yeotmal","-1.0","-1.0","-1.0","-1.0"
"116","1999","7","Maharashtra","Yeotmal","-1.0","-1.0","-1.0","-1.0"
"116","2000","7","Maharashtra","Yeotmal","9311.0","5938.0","2205.0","17454.0"
"116","2001","7","Maharashtra","Yeotmal","9112.0","4377.0","2217.0","15706.0"
"116","2002","7","Maharashtra","Yeotmal","11719.0","5367.0","1528.0","18614.0"
"116","2003","7","Maharashtra","Yeotmal","10580.0","5958.0","1353.0","17891.0"
"116","2004","7","Maharashtra","Yeotmal","3617.0","3344.0","868.0","7829.0"
"116","2005","7","Maharashtra","Yeotmal","9170.0","5814.0","2488.0","17472.0"
"116","2006","7","Maharashtra","Yeotmal","10071.0","5532.0","2615.0","18218.0"
"116","2007","7","Maharashtra","Yeotmal","13782.0","4268.0","1717.0","19767.0"
"116","2008","7","Maharashtra","Yeotmal","8770.0","5142.0","1667.0","15579.0"
"116","2009","7","Maharashtra","Yeotmal","7595.0","6160.0","7669.0","21424.0"
"116","2010","7","Maharashtra","Yeotmal","23428.0","13388.0","8126.0","44942.0"
"116","2011","7","Maharashtra","Yeotmal","22676.0","17247.0","9781.0","49704.0"
"116","2012","7","Maharashtra","Yeotmal","19186.0","10314.0","4189.0","33689.0"
"116","2013","7","Maharashtra","Yeotmal","23837.0","12941.0","4597.0","41375.0"
"116","2014","7","Maharashtra","Yeotmal","22008.0","12097.0","6416.0","40521.0"
"116","2015","7","Maharashtra","Yeotmal","27254.0","19627.0","7136.0","54017.0"
"116","2016","7","Maharashtra","Yeotmal","22706.0","13673.0","5678.0","42057.0"
"116","2017","7","Maharashtra","Yeotmal","9458.0","10472.0","3929.0","23859.0"
"117","1990","7","Maharashtra","Wardha","4797.0","1741.0","1421.0","7959.0"
"117","1991","7","Maharashtra","Wardha","5315.0","2510.0","2979.0","10804.0"
"117","1992","7","Maharashtra","Wardha","5315.0","2510.0","2979.0","10804.0"
"117","1993","7","Maharashtra","Wardha","3215.0","3739.0","2302.0","9256.0"
"117","1994","7","Maharashtra","Wardha","6900.0","3356.0","1552.0","11808.0"
"117","1995","7","Maharashtra","Wardha","3536.0","4091.0","2721.0","10348.0"
"117","1996","7","Maharashtra","Wardha","4063.0","1328.0","606.0","5997.0"
"117","1997","7","Maharashtra","Wardha","5637.0","2602.0","3010.0","11249.0"
"117","1998","7","Maharashtra","Wardha","-1.0","-1.0","-1.0","-1.0"
"117","1999","7","Maharashtra","Wardha","-1.0","-1.0","-1.0","-1.0"
"117","2000","7","Maharashtra","Wardha","8472.0","6347.0","2241.0","17060.0"
"117","2001","7","Maharashtra","Wardha","7875.0","5236.0","3328.0","16439.0"
"117","2002","7","Maharashtra","Wardha","6132.0","6924.0","3967.0","17023.0"
"117","2003","7","Maharashtra","Wardha","3595.0","2390.0","1264.0","7249.0"
"117","2004","7","Maharashtra","Wardha","3794.0","2279.0","1676.0","7749.0"
"117","2005","7","Maharashtra","Wardha","5980.0","3096.0","3794.0","12870.0"
"117","2006","7","Maharashtra","Wardha","6568.0","2946.0","3988.0","13502.0"
"117","2007","7","Maharashtra","Wardha","6188.0","3765.0","1880.0","11833.0"
"117","2008","7","Maharashtra","Wardha","8535.0","4449.0","2551.0","15535.0"
"117","2009","7","Maharashtra","Wardha","6832.0","4604.0","4472.0","15908.0"
"117","2010","7","Maharashtra","Wardha","19570.0","12364.0","8893.0","40827.0"
"117","2011","7","Maharashtra","Wardha","12124.0","8717.0","4035.0","24876.0"
"117","2012","7","Maharashtra","Wardha","12759.0","6443.0","3657.0","22859.0"
"117","2013","7","Maharashtra","Wardha","12597.0","7559.0","2984.0","23140.0"
"117","2014","7","Maharashtra","Wardha","16727.0","8663.0","7784.0","33174.0"
"117","2015","7","Maharashtra","Wardha","10019.0","9504.0","5440.0","24963.0"
"117","2016","7","Maharashtra","Wardha","12833.0","9183.0","3994.0","26010.0"
"117","2017","7","Maharashtra","Wardha","4904.0","5436.0","2512.0","12852.0"
"118","1990","7","Maharashtra","Nagpur","6218.0","3550.0","717.0","10485.0"
"118","1991","7","Maharashtra","Nagpur","6110.0","4051.0","1408.0","11569.0"
"118","1992","7","Maharashtra","Nagpur","6110.0","4051.0","1408.0","11569.0"
"118","1993","7","Maharashtra","Nagpur","8007.0","1755.0","103.0","9865.0"
"118","1994","7","Maharashtra","Nagpur","8787.0","3526.0","399.0","12712.0"
"118","1995","7","Maharashtra","Nagpur","8036.0","3997.0","393.0","12426.0"
"118","1996","7","Maharashtra","Nagpur","9899.0","3311.0","860.0","14070.0"
"118","1997","7","Maharashtra","Nagpur","11525.0","8698.0","1236.0","21459.0"
"118","1998","7","Maharashtra","Nagpur","-1.0","-1.0","-1.0","-1.0"
"118","1999","7","Maharashtra","Nagpur","-1.0","-1.0","-1.0","-1.0"
"118","2000","7","Maharashtra","Nagpur","7493.0","3048.0","719.0","11260.0"
"118","2001","7","Maharashtra","Nagpur","5858.0","2592.0","1238.0","9688.0"
"118","2002","7","Maharashtra","Nagpur","13253.0","7589.0","2539.0","23381.0"
"118","2003","7","Maharashtra","Nagpur","12193.0","7277.0","1241.0","20711.0"
"118","2004","7","Maharashtra","Nagpur","8215.0","5593.0","799.0","14607.0"
"118","2005","7","Maharashtra","Nagpur","11705.0","6117.0","978.0","18800.0"
"118","2006","7","Maharashtra","Nagpur","12856.0","5820.0","1028.0","19704.0"
"118","2007","7","Maharashtra","Nagpur","12206.0","3728.0","1207.0","17141.0"
"118","2008","7","Maharashtra","Nagpur","10197.0","7915.0","3282.0","21394.0"
"118","2009","7","Maharashtra","Nagpur","15036.0","6838.0","2361.0","24235.0"
"118","2010","7","Maharashtra","Nagpur","20967.0","12429.0","4969.0","38365.0"
"118","2011","7","Maharashtra","Nagpur","20111.0","12446.0","5328.0","37885.0"
"118","2012","7","Maharashtra","Nagpur","18302.0","8184.0","3061.0","29547.0"
"118","2013","7","Maharashtra","Nagpur","19718.0","8419.0","2351.0","30488.0"
"118","2014","7","Maharashtra","Nagpur","19155.0","7164.0","3224.0","29543.0"
"118","2015","7","Maharashtra","Nagpur","22160.0","12409.0","2321.0","36890.0"
"118","2016","7","Maharashtra","Nagpur","16951.0","8352.0","2286.0","27589.0"
"118","2017","7","Maharashtra","Nagpur","17293.0","10607.0","2414.0","30314.0"
"119","1990","7","Maharashtra","Bhandara","4921.0","3100.0","1050.0","9071.0"
"119","1991","7","Maharashtra","Bhandara","3554.0","1062.0","300.0","4916.0"
"119","1992","7","Maharashtra","Bhandara","3554.0","1062.0","300.0","4916.0"
"119","1993","7","Maharashtra","Bhandara","4958.0","1142.0","188.0","6288.0"
"119","1994","7","Maharashtra","Bhandara","9417.0","2431.0","615.0","12463.0"
"119","1995","7","Maharashtra","Bhandara","5986.0","1391.0","582.0","7959.0"
"119","1996","7","Maharashtra","Bhandara","5720.0","1811.0","881.0","8412.0"
"119","1997","7","Maharashtra","Bhandara","5149.0","1906.0","56.0","7111.0"
"119","1998","7","Maharashtra","Bhandara","-1.0","-1.0","-1.0","-1.0"
"119","1999","7","Maharashtra","Bhandara","-1.0","-1.0","-1.0","-1.0"
"119","2000","7","Maharashtra","Bhandara","5197.0","1920.0","632.0","7749.0"
"119","2001","7","Maharashtra","Bhandara","5454.0","2391.0","875.0","8720.0"
"119","2002","7","Maharashtra","Bhandara","7310.0","3500.0","1460.0","12270.0"
"119","2003","7","Maharashtra","Bhandara","6768.0","3621.0","1205.0","11594.0"
"119","2004","7","Maharashtra","Bhandara","4552.0","2128.0","721.0","7401.0"
"119","2005","7","Maharashtra","Bhandara","7317.0","3490.0","1065.0","11872.0"
"119","2006","7","Maharashtra","Bhandara","8044.0","3321.0","1120.0","12485.0"
"119","2007","7","Maharashtra","Bhandara","8855.0","3839.0","1836.0","14530.0"
"119","2008","7","Maharashtra","Bhandara","3459.0","1881.0","485.0","5825.0"
"119","2009","7","Maharashtra","Bhandara","5995.0","4032.0","1095.0","11122.0"
"119","2010","7","Maharashtra","Bhandara","9404.0","4311.0","897.0","14612.0"
"119","2011","7","Maharashtra","Bhandara","11695.0","6491.0","1689.0","19875.0"
"119","2012","7","Maharashtra","Bhandara","8533.0","4391.0","909.0","13833.0"
"119","2013","7","Maharashtra","Bhandara","10842.0","7014.0","496.0","18352.0"
"119","2014","7","Maharashtra","Bhandara","12006.0","6113.0","755.0","18874.0"
"119","2015","7","Maharashtra","Bhandara","15084.0","9348.0","766.0","25198.0"
"119","2016","7","Maharashtra","Bhandara","13648.0","9704.0","853.0","24205.0"
"119","2017","7","Maharashtra","Bhandara","9745.0","6276.0","466.0","16487.0"
"120","1990","7","Maharashtra","Chandrapur","3760.0","1756.0","874.0","6390.0"
"120","1991","7","Maharashtra","Chandrapur","2648.0","1130.0","250.0","4028.0"
"120","1992","7","Maharashtra","Chandrapur","2648.0","1130.0","250.0","4028.0"
"120","1993","7","Maharashtra","Chandrapur","2779.0","502.0","117.0","3398.0"
"120","1994","7","Maharashtra","Chandrapur","2815.0","1421.0","292.0","4528.0"
"120","1995","7","Maharashtra","Chandrapur","3290.0","1032.0","332.0","4654.0"
"120","1996","7","Maharashtra","Chandrapur","5598.0","1043.0","276.0","6917.0"
"120","1997","7","Maharashtra","Chandrapur","7065.0","2163.0","809.0","10037.0"
"120","1998","7","Maharashtra","Chandrapur","-1.0","-1.0","-1.0","-1.0"
"120","1999","7","Maharashtra","Chandrapur","-1.0","-1.0","-1.0","-1.0"
"120","2000","7","Maharashtra","Chandrapur","5893.0","2577.0","1478.0","9948.0"
"120","2001","7","Maharashtra","Chandrapur","7790.0","3372.0","1260.0","12422.0"
"120","2002","7","Maharashtra","Chandrapur","7382.0","4002.0","1409.0","12793.0"
"120","2003","7","Maharashtra","Chandrapur","8910.0","4201.0","678.0","13789.0"
"120","2004","7","Maharashtra","Chandrapur","4786.0","2980.0","1670.0","9436.0"
"120","2005","7","Maharashtra","Chandrapur","6608.0","3764.0","587.0","10959.0"
"120","2006","7","Maharashtra","Chandrapur","7262.0","3591.0","623.0","11476.0"
"120","2007","7","Maharashtra","Chandrapur","7926.0","3066.0","1020.0","12012.0"
"120","2008","7","Maharashtra","Chandrapur","4084.0","2544.0","628.0","7256.0"
"120","2009","7","Maharashtra","Chandrapur","5037.0","3042.0","2804.0","10883.0"
"120","2010","7","Maharashtra","Chandrapur","14343.0","5342.0","1555.0","21240.0"
"120","2011","7","Maharashtra","Chandrapur","17942.0","10941.0","4058.0","32941.0"
"120","2012","7","Maharashtra","Chandrapur","12933.0","4512.0","1184.0","18629.0"
"120","2013","7","Maharashtra","Chandrapur","10415.0","9355.0","934.0","20704.0"
"120","2014","7","Maharashtra","Chandrapur","13866.0","8039.0","1892.0","23797.0"
"120","2015","7","Maharashtra","Chandrapur","15233.0","11442.0","2541.0","29216.0"
"120","2016","7","Maharashtra","Chandrapur","11506.0","8247.0","1295.0","21048.0"
"120","2017","7","Maharashtra","Chandrapur","8975.0","6840.0","1208.0","17023.0"